Inverso,100000,CountingSort,1,24156900
Inverso,100000,CountingSort,1,32823900
Inverso,100000,CountingSort,1,10315200
Inverso,100000,CountingSort,1,31402800
Inverso,100000,CountingSort,1,30804700
Inverso,100000,CountingSort,1,17171900
Inverso,100000,CountingSort,1,16965200
Inverso,100000,CountingSort,1,32375600
Inverso,100000,CountingSort,1,30866200
Inverso,100000,CountingSort,1,8858400
Inverso,100000,CountingSort,1,23864700
Inverso,100000,CountingSort,1,10848600
Inverso,100000,CountingSort,1,21830600
Inverso,100000,CountingSort,1,21868400
Inverso,100000,CountingSort,1,20828800
Inverso,100000,CountingSort,1,21907400
Inverso,100000,CountingSort,1,31784000
Inverso,100000,CountingSort,1,21882000
Inverso,100000,CountingSort,1,14147600
Inverso,100000,CountingSort,1,28531800
Inverso,100000,CountingSort,1,32840300
Inverso,100000,CountingSort,1,32784000
Inverso,100000,CountingSort,1,32112400
Inverso,100000,CountingSort,1,24626100
Inverso,100000,CountingSort,1,33169900
Inverso,100000,CountingSort,1,31794300
Inverso,100000,CountingSort,1,32402600
Inverso,100000,CountingSort,1,17544178700
Inverso,100000,CountingSort,1,31816800
Inverso,100000,CountingSort,1,31878600
Inverso,100000,CountingSort,1,39102100
Inverso,100000,CountingSort,1,25859500
Inverso,100000,CountingSort,1,30828900
Inverso,100000,CountingSort,1,21897300
Inverso,100000,CountingSort,1,13806700
Inverso,100000,CountingSort,1,18915600
Inverso,100000,CountingSort,1,17878500
Inverso,100000,CountingSort,1,14858500
Inverso,100000,CountingSort,1,17910425800
Inverso,100000,CountingSort,1,31649600
Inverso,100000,CountingSort,1,32307900
Inverso,100000,CountingSort,1,23835200
Inverso,100000,CountingSort,1,8575600
Inverso,100000,CountingSort,1,32455800
Inverso,100000,CountingSort,1,30914200
Inverso,100000,CountingSort,1,2836400
Inverso,100000,CountingSort,1,30821100
Inverso,100000,CountingSort,1,2903400
Inverso,100000,CountingSort,1,23868500
Inverso,100000,CountingSort,1,5804400
Inverso,100000,CountingSort,1,958900
Inverso,100000,CountingSort,1,9835200
Inverso,100000,CountingSort,1,15898600
Inverso,100000,CountingSort,1,6946700
Inverso,100000,CountingSort,1,30939800
Inverso,100000,CountingSort,1,10843000
Inverso,100000,CountingSort,1,21835600
Inverso,100000,CountingSort,1,10848700
Inverso,100000,CountingSort,1,22952600
Inverso,100000,CountingSort,1,9822500
Inverso,100000,CountingSort,1,22865000
Inverso,100000,CountingSort,1,9880100
Inverso,100000,CountingSort,1,22808400
Inverso,100000,CountingSort,1,9905000
Inverso,100000,CountingSort,1,22994800
Inverso,100000,CountingSort,1,10818100
Inverso,100000,CountingSort,1,27890600
Inverso,100000,CountingSort,1,4857400
Inverso,100000,CountingSort,1,29876900
Inverso,100000,CountingSort,1,14004600
Inverso,100000,CountingSort,1,22670200
Inverso,100000,CountingSort,1,11067200
Inverso,100000,CountingSort,1,22364600
Inverso,100000,CountingSort,1,20130900
Inverso,100000,CountingSort,1,12769800
Inverso,100000,CountingSort,1,19949400
Inverso,100000,CountingSort,1,12909300
Inverso,100000,CountingSort,1,20808600
Inverso,100000,CountingSort,1,11946800
Inverso,100000,CountingSort,1,20820300
Inverso,100000,CountingSort,1,8292900
Inverso,100000,CountingSort,1,17701900
Inverso,100000,CountingSort,1,14036500
Inverso,100000,CountingSort,1,18512400
Inverso,100000,CountingSort,1,17949500
Inverso,100000,CountingSort,1,27737500
Inverso,100000,CountingSort,1,5125200
Inverso,100000,CountingSort,1,28122700
Inverso,100000,CountingSort,1,12104000
Inverso,100000,CountingSort,1,23186200
Inverso,100000,CountingSort,1,25403400
Inverso,100000,CountingSort,1,7915500
Inverso,100000,CountingSort,1,24853300
Inverso,100000,CountingSort,1,7846000
Inverso,100000,CountingSort,1,24864100
Inverso,100000,CountingSort,1,8039700
Inverso,100000,CountingSort,1,24633300
Inverso,100000,CountingSort,1,7888300
Inverso,100000,CountingSort,1,24851200
Inverso,100000,CountingSort,1,7780600
Inverso,100000,CountingSort,1,24846600
Inverso,100000,CountingSort,1,11310600
Inverso,100000,CountingSort,1,29760100
Inverso,100000,CountingSort,1,3947100
Inverso,100000,CountingSort,1,25835000
Inverso,100000,CountingSort,1,4860500
Inverso,100000,CountingSort,1,27846300
Inverso,100000,CountingSort,1,8334300
Inverso,100000,CountingSort,1,25474700
Inverso,100000,CountingSort,1,8839700
Inverso,100000,CountingSort,1,25849500
Inverso,100000,CountingSort,1,5232300
Inverso,100000,CountingSort,1,24195300
Inverso,100000,CountingSort,1,7043400
Inverso,100000,CountingSort,1,28173900
Inverso,100000,CountingSort,1,7208600
Inverso,100000,CountingSort,1,25449200
Inverso,100000,CountingSort,1,7811200
Inverso,100000,CountingSort,1,27933400
Inverso,100000,CountingSort,1,16620000
Inverso,100000,CountingSort,1,16123200
Inverso,100000,CountingSort,1,16862600
Inverso,100000,CountingSort,1,19034400
Inverso,100000,CountingSort,1,23191400
Inverso,100000,CountingSort,1,9208000
Inverso,100000,CountingSort,1,23987100
Inverso,100000,CountingSort,1,14758100
Inverso,100000,CountingSort,1,20882400
Inverso,100000,CountingSort,1,14661000
Inverso,100000,CountingSort,1,32065700
Inverso,100000,CountingSort,1,31343000
Inverso,100000,CountingSort,1,9571600
Inverso,100000,CountingSort,1,12699000
Inverso,100000,CountingSort,1,22554600
Inverso,100000,CountingSort,1,11220700
Inverso,100000,CountingSort,1,22005600
Inverso,100000,CountingSort,1,13620500
Inverso,100000,CountingSort,1,18871200
Inverso,100000,CountingSort,1,13873700
Inverso,100000,CountingSort,1,17598300
Inverso,100000,CountingSort,1,15049900
Inverso,100000,CountingSort,1,3842000
Inverso,100000,CountingSort,1,28889200
Inverso,100000,CountingSort,1,3839500
Inverso,100000,CountingSort,1,28903700
Inverso,100000,CountingSort,1,3921900
Inverso,100000,CountingSort,1,28808500
Inverso,100000,CountingSort,1,14623000
Inverso,100000,CountingSort,1,18237600
Inverso,100000,CountingSort,1,3753900
Inverso,100000,CountingSort,1,28874100
Inverso,100000,CountingSort,1,3866700
Inverso,100000,CountingSort,1,28583500
Inverso,100000,CountingSort,1,16139900
Inverso,100000,CountingSort,1,20156000
Inverso,100000,CountingSort,1,29551400
Inverso,100000,CountingSort,1,9756700
Inverso,100000,CountingSort,1,23089900
Inverso,100000,CountingSort,1,9692700
Inverso,100000,CountingSort,1,23980500
Inverso,100000,CountingSort,1,8838200
Inverso,100000,CountingSort,1,23832200
Inverso,100000,CountingSort,1,9944600
Inverso,100000,CountingSort,1,13764900
Inverso,100000,CountingSort,1,21381100
Inverso,100000,CountingSort,1,4480800
Inverso,100000,CountingSort,1,28838700
Inverso,100000,CountingSort,1,5612100
Inverso,100000,CountingSort,1,31254800
Inverso,100000,CountingSort,1,24746900
Inverso,100000,CountingSort,1,22859000
Inverso,100000,CountingSort,1,18880100
Inverso,100000,CountingSort,1,31783600
Inverso,100000,CountingSort,1,17505800
Inverso,100000,CountingSort,1,25612700
Inverso,100000,CountingSort,1,7687400
Inverso,100000,CountingSort,1,24982000
Inverso,100000,CountingSort,1,8701000
Inverso,100000,CountingSort,1,17028200
Inverso,100000,CountingSort,1,8720200
Inverso,100000,CountingSort,1,18487300
Inverso,100000,CountingSort,1,15195000
Inverso,100000,CountingSort,1,17821500
Inverso,100000,CountingSort,1,16872100
Inverso,100000,CountingSort,1,16868000
Inverso,100000,CountingSort,1,15819800
Inverso,100000,CountingSort,1,20143800
Inverso,100000,CountingSort,1,12807500
Inverso,100000,CountingSort,1,24690400
Inverso,100000,CountingSort,1,27797500
Inverso,100000,CountingSort,1,10865100
Inverso,100000,CountingSort,1,22318700
Inverso,100000,CountingSort,1,10439700
Inverso,100000,CountingSort,1,12982100
Inverso,100000,CountingSort,1,18976800
Inverso,100000,CountingSort,1,5679400
Inverso,100000,CountingSort,1,27826800
Inverso,100000,CountingSort,1,16053592600
Inverso,100000,CountingSort,1,5078000
Inverso,100000,CountingSort,1,911600
Inverso,100000,CountingSort,1,26840900
Inverso,100000,CountingSort,1,4932400
Inverso,100000,CountingSort,1,27810400
Inverso,100000,CountingSort,1,3920500
Inverso,100000,CountingSort,1,32875500
Inverso,100000,CountingSort,1,31180500
Inverso,100000,CountingSort,1,1806900
Inverso,100000,CountingSort,1,31531300
Inverso,100000,CountingSort,1,2057900
Inverso,100000,CountingSort,1,24772500
Inverso,100000,CountingSort,1,5788300
Inverso,100000,CountingSort,1,2215900
Inverso,100000,CountingSort,1,24822700
Inverso,100000,CountingSort,1,5040100
Inverso,100000,CountingSort,1,31787600
Inverso,100000,CountingSort,1,7556200
Inverso,100000,CountingSort,1,25252200
Inverso,100000,CountingSort,1,6908000
Inverso,100000,CountingSort,1,25107100
Inverso,100000,CountingSort,1,7721500
Inverso,100000,CountingSort,1,19929400
Inverso,100000,CountingSort,1,12703700
Inverso,100000,CountingSort,1,20061100
Inverso,100000,CountingSort,1,12800400
Inverso,100000,CountingSort,1,19669600
Inverso,100000,CountingSort,1,12846700
Inverso,100000,CountingSort,1,20330800
Inverso,100000,CountingSort,1,6081700
Inverso,100000,CountingSort,1,25327100
Inverso,100000,CountingSort,1,2734200
Inverso,100000,CountingSort,1,30103400
Inverso,100000,CountingSort,1,14284200
Inverso,100000,CountingSort,1,18214300
Inverso,100000,CountingSort,1,14932600
Inverso,100000,CountingSort,1,17894100
Inverso,100000,CountingSort,1,14953900
Inverso,100000,CountingSort,1,18494200
Inverso,100000,CountingSort,1,30168400
Inverso,100000,CountingSort,1,2869100
Inverso,100000,CountingSort,1,29808600
Inverso,100000,CountingSort,1,2725000
Inverso,100000,CountingSort,1,29977300
Inverso,100000,CountingSort,1,2801400
Inverso,100000,CountingSort,1,29609200
Inverso,100000,CountingSort,1,3128000
Inverso,100000,CountingSort,1,29664700
Inverso,100000,CountingSort,1,19081300
Inverso,100000,CountingSort,1,13575800
Inverso,100000,CountingSort,1,31172700
Inverso,100000,CountingSort,1,1821000
Inverso,100000,CountingSort,1,30934800
Inverso,100000,CountingSort,1,18430000
Inverso,100000,CountingSort,1,13879000
Inverso,100000,CountingSort,1,959800
Inverso,100000,CountingSort,1,29068000
Inverso,100000,CountingSort,1,2828500
Inverso,100000,CountingSort,1,13586200
Inverso,100000,CountingSort,1,17297985000
Inverso,100000,CountingSort,1,13867800
Inverso,100000,CountingSort,1,680000
Inverso,100000,CountingSort,1,18124000
Inverso,100000,CountingSort,1,13626700
Inverso,100000,CountingSort,1,19108400
Inverso,100000,CountingSort,1,12767700
Inverso,100000,CountingSort,1,32752800
Inverso,100000,CountingSort,1,31145600
Inverso,100000,CountingSort,1,1944600
Inverso,100000,CountingSort,1,30764400
Inverso,100000,CountingSort,1,1825700
Inverso,100000,CountingSort,1,16954500
Inverso,100000,CountingSort,1,13805600
Inverso,100000,CountingSort,1,1935700
Inverso,100000,CountingSort,1,13854900
Inverso,100000,CountingSort,1,2909400
Inverso,100000,CountingSort,1,13887500
Inverso,100000,CountingSort,1,16137800
Inverso,100000,CountingSort,1,17687000
Inverso,100000,CountingSort,1,16914800
Inverso,100000,CountingSort,1,15813900
Inverso,100000,CountingSort,1,16883100
Inverso,100000,CountingSort,1,15906500
Inverso,100000,CountingSort,1,16866700
Inverso,100000,CountingSort,1,11912400
Inverso,100000,CountingSort,1,3833300
Inverso,100000,CountingSort,1,16839000
Inverso,100000,CountingSort,1,10883600
Inverso,100000,CountingSort,1,893400
Inverso,100000,CountingSort,1,3918800
Inverso,100000,CountingSort,1,16954600
Inverso,100000,CountingSort,1,11535800
Inverso,100000,CountingSort,1,31257200
Inverso,100000,CountingSort,1,4818700
Inverso,100000,CountingSort,1,27877800
Inverso,100000,CountingSort,1,4886000
Inverso,100000,CountingSort,1,27872400
Inverso,100000,CountingSort,1,4012300
Inverso,100000,CountingSort,1,17408900
Inverso,100000,CountingSort,1,10861600
Inverso,100000,CountingSort,1,3901900
Inverso,100000,CountingSort,1,17902600
Inverso,100000,CountingSort,1,14957100
Inverso,100000,CountingSort,1,32185200
Inverso,100000,CountingSort,1,27372200
Inverso,100000,CountingSort,1,5256900
Inverso,100000,CountingSort,1,27949000
Inverso,100000,CountingSort,1,4762900
Inverso,100000,CountingSort,1,17771100
Inverso,100000,CountingSort,1,10000500
Inverso,100000,CountingSort,1,4938000
Inverso,100000,CountingSort,1,14818800
Inverso,100000,CountingSort,1,3069400
Inverso,100000,CountingSort,1,9730100
Inverso,100000,CountingSort,1,4963400
Inverso,100000,CountingSort,1,17912100
Inverso,100000,CountingSort,1,28914200
Inverso,100000,CountingSort,1,14295100
Inverso,100000,CountingSort,1,21570600
Inverso,100000,CountingSort,1,26343700
Inverso,100000,CountingSort,1,12933300
Inverso,100000,CountingSort,1,21319800
Inverso,100000,CountingSort,1,7033800
Inverso,100000,CountingSort,1,5970100
Inverso,100000,CountingSort,1,19642500
Inverso,100000,CountingSort,1,3908000
Inverso,100000,CountingSort,1,2821400
Inverso,100000,CountingSort,1,5753100
Inverso,100000,CountingSort,1,19881600
Inverso,100000,CountingSort,1,6986700
Inverso,100000,CountingSort,1,28872600
Inverso,100000,CountingSort,1,8824300
Inverso,100000,CountingSort,1,23886200
Inverso,100000,CountingSort,1,8936200
Inverso,100000,CountingSort,1,23885000
Inverso,100000,CountingSort,1,11330300
Inverso,100000,CountingSort,1,15349900
Inverso,100000,CountingSort,1,6922600
Inverso,100000,CountingSort,1,11131700
Inverso,100000,CountingSort,1,6894600
Inverso,100000,CountingSort,1,7469700
Inverso,100000,CountingSort,1,6917300
Inverso,100000,CountingSort,1,17897400
Inverso,100000,CountingSort,1,15095600
Inverso,100000,CountingSort,1,24770300
Inverso,100000,CountingSort,1,16785900
Inverso,100000,CountingSort,1,15842500
Inverso,100000,CountingSort,1,16919200
Inverso,100000,CountingSort,1,15823700
Inverso,100000,CountingSort,1,16853200
Inverso,100000,CountingSort,1,5943800
Inverso,100000,CountingSort,1,14854200
Inverso,100000,CountingSort,1,12801700
Inverso,100000,CountingSort,1,2955400
Inverso,100000,CountingSort,1,1921600
Inverso,100000,CountingSort,1,14862800
Inverso,100000,CountingSort,1,16003900
Inverso,100000,CountingSort,1,16982185800
Inverso,100000,CountingSort,1,16942800
Inverso,100000,CountingSort,1,16105300
Inverso,100000,CountingSort,1,15659600
Inverso,100000,CountingSort,1,17211700
Inverso,100000,CountingSort,1,15203900
Inverso,100000,CountingSort,1,32181100
Inverso,100000,CountingSort,1,31175200
Inverso,100000,CountingSort,1,1944800
Inverso,100000,CountingSort,1,30726100
Inverso,100000,CountingSort,1,1817300
Inverso,100000,CountingSort,1,21385300
Inverso,100000,CountingSort,1,9377400
Inverso,100000,CountingSort,1,1899500
Inverso,100000,CountingSort,1,14926800
Inverso,100000,CountingSort,1,6851900
Inverso,100000,CountingSort,1,8940100
Inverso,100000,CountingSort,1,1921200
Inverso,100000,CountingSort,1,14857900
Inverso,100000,CountingSort,1,16034300
Inverso,100000,CountingSort,1,22825600
Inverso,100000,CountingSort,1,10773700
Inverso,100000,CountingSort,1,21912700
Inverso,100000,CountingSort,1,10835100
Inverso,100000,CountingSort,1,21888100
Inverso,100000,CountingSort,1,10911400
Inverso,100000,CountingSort,1,13907500
Inverso,100000,CountingSort,1,7844100
Inverso,100000,CountingSort,1,10833800
Inverso,100000,CountingSort,1,6892700
Inverso,100000,CountingSort,1,6956500
Inverso,100000,CountingSort,1,7886000
Inverso,100000,CountingSort,1,10862500
Inverso,100000,CountingSort,1,6952500
Inverso,100000,CountingSort,1,6849700
Inverso,100000,CountingSort,1,7914100
Inverso,100000,CountingSort,1,10881800
Inverso,100000,CountingSort,1,6949900
Inverso,100000,CountingSort,1,14905100
Inverso,100000,CountingSort,1,17939700
Inverso,100000,CountingSort,1,24858100
Inverso,100000,CountingSort,1,12863300
Inverso,100000,CountingSort,1,19864300
Inverso,100000,CountingSort,1,14815300
Inverso,100000,CountingSort,1,17832500
Inverso,100000,CountingSort,1,12623500
Inverso,100000,CountingSort,1,3138000
Inverso,100000,CountingSort,1,3942400
Inverso,100000,CountingSort,1,17833100
Inverso,100000,CountingSort,1,9036300
Inverso,100000,CountingSort,1,5511500
Inverso,100000,CountingSort,1,20543200
Inverso,100000,CountingSort,1,13434700
Inverso,100000,CountingSort,1,26668500
Inverso,100000,CountingSort,1,23585900
Inverso,100000,CountingSort,1,14024600
Inverso,100000,CountingSort,1,18865500
Inverso,100000,CountingSort,1,13905700
Inverso,100000,CountingSort,1,18841000
Inverso,100000,CountingSort,1,9428400
Inverso,100000,CountingSort,1,21683500
Inverso,100000,CountingSort,1,2842600
Inverso,100000,CountingSort,1,7868900
Inverso,100000,CountingSort,1,11074200
Inverso,100000,CountingSort,1,10689100
Inverso,100000,CountingSort,1,11040700
Inverso,100000,CountingSort,1,23819200
Inverso,100000,CountingSort,1,18857900
Inverso,100000,CountingSort,1,14175100
Inverso,100000,CountingSort,1,18604900
Inverso,100000,CountingSort,1,15818800
Inverso,100000,CountingSort,1,16824700
Inverso,100000,CountingSort,1,16106900
Inverso,100000,CountingSort,1,17441100
Inverso,100000,CountingSort,1,10552800
Inverso,100000,CountingSort,1,4349300
Inverso,100000,CountingSort,1,945500
Inverso,100000,CountingSort,1,16861000
Inverso,100000,CountingSort,1,15012600
Inverso,100000,CountingSort,1,27812700
Inverso,100000,CountingSort,1,5830800
Inverso,100000,CountingSort,1,26974100
Inverso,100000,CountingSort,1,5811800
Inverso,100000,CountingSort,1,26926100
Inverso,100000,CountingSort,1,5782400
Inverso,100000,CountingSort,1,27905000
Inverso,100000,CountingSort,1,4895400
Inverso,100000,CountingSort,1,25832900
Inverso,100000,CountingSort,1,2615900
Inverso,100000,CountingSort,1,4116300
Inverso,100000,CountingSort,1,26032000
Inverso,100000,CountingSort,1,3556100
Inverso,100000,CountingSort,1,31370300
Inverso,100000,CountingSort,1,3623400
Inverso,100000,CountingSort,1,28837800
Inverso,100000,CountingSort,1,3802600
Inverso,100000,CountingSort,1,28915800
Inverso,100000,CountingSort,1,4907600
Inverso,100000,CountingSort,1,26662600
Inverso,100000,CountingSort,1,2564400
Inverso,100000,CountingSort,1,3487800
Inverso,100000,CountingSort,1,21726500
Inverso,100000,CountingSort,1,4891400
Inverso,100000,CountingSort,1,2953500
Inverso,100000,CountingSort,1,2869700
Inverso,100000,CountingSort,1,21886700
Inverso,100000,CountingSort,1,8099100
Inverso,100000,CountingSort,1,28796900
Inverso,100000,CountingSort,1,5797300
Inverso,100000,CountingSort,1,26935000
Inverso,100000,CountingSort,1,5785700
Inverso,100000,CountingSort,1,26915700
Inverso,100000,CountingSort,1,5474900
Inverso,100000,CountingSort,1,20148500
Inverso,100000,CountingSort,1,7877800
Inverso,100000,CountingSort,1,3908500
Inverso,100000,CountingSort,1,910700
Inverso,100000,CountingSort,1,19889500
Inverso,100000,CountingSort,1,11941900
Inverso,100000,CountingSort,1,27941700
Inverso,100000,CountingSort,1,5074500
Inverso,100000,CountingSort,1,30331200
Inverso,100000,CountingSort,1,14494300
Inverso,100000,CountingSort,1,20580800
Inverso,100000,CountingSort,1,12295400
Inverso,100000,CountingSort,1,20412800
Inverso,100000,CountingSort,1,1189700
Inverso,100000,CountingSort,1,10538100
Inverso,100000,CountingSort,1,7944700
Inverso,100000,CountingSort,1,12814700
Inverso,100000,CountingSort,1,999500
Inverso,100000,CountingSort,1,10811600
Inverso,100000,CountingSort,1,8040300
Inverso,100000,CountingSort,1,14020900
Inverso,100000,CountingSort,1,30705000
Inverso,100000,CountingSort,1,11812100
Inverso,100000,CountingSort,1,20839800
Inverso,100000,CountingSort,1,11933700
Inverso,100000,CountingSort,1,20897200
Inverso,100000,CountingSort,1,11886100
Inverso,100000,CountingSort,1,10711800
Inverso,100000,CountingSort,1,11014500
Inverso,100000,CountingSort,1,10840400
Inverso,100000,CountingSort,1,4880100
Inverso,100000,CountingSort,1,5889000
Inverso,100000,CountingSort,1,10942600
Inverso,100000,CountingSort,1,10918100
Inverso,100000,CountingSort,1,17015900
Inverso,100000,CountingSort,1,19750500
Inverso,100000,CountingSort,1,16809500
Inverso,100000,CountingSort,1,15864700
Inverso,100000,CountingSort,1,16876100
Inverso,100000,CountingSort,1,16006300
Inverso,100000,CountingSort,1,16833000
Inverso,100000,CountingSort,1,12852500
Inverso,100000,CountingSort,1,2815000
Inverso,100000,CountingSort,1,16990100
Inverso,100000,CountingSort,1,8781300
Inverso,100000,CountingSort,1,3942600
Inverso,100000,CountingSort,1,5875300
Inverso,100000,CountingSort,1,14041100
Inverso,100000,CountingSort,1,8757300
Inverso,100000,CountingSort,1,10122800
Inverso,100000,CountingSort,1,25789200
Inverso,100000,CountingSort,1,21352300
Inverso,100000,CountingSort,1,12236500
Inverso,100000,CountingSort,1,20896200
Inverso,100000,CountingSort,1,11865100
Inverso,100000,CountingSort,1,20873200
Inverso,100000,CountingSort,1,11830000
Inverso,100000,CountingSort,1,20861800
Inverso,100000,CountingSort,1,6654000
Inverso,100000,CountingSort,1,5608800
Inverso,100000,CountingSort,1,17331900
Inverso,100000,CountingSort,1,14798600
Inverso,100000,CountingSort,1,18092900
Inverso,100000,CountingSort,1,13641100
Inverso,100000,CountingSort,1,2137200
Inverso,100000,CountingSort,1,16898600
Inverso,100000,CountingSort,1,13958200
Inverso,100000,CountingSort,1,30892400
Inverso,100000,CountingSort,1,2868200
Inverso,100000,CountingSort,1,29783600
Inverso,100000,CountingSort,1,3052500
Inverso,100000,CountingSort,1,29442300
Inverso,100000,CountingSort,1,18152100
Inverso,100000,CountingSort,1,15006800
Inverso,100000,CountingSort,1,17724900
Inverso,100000,CountingSort,1,13926600
Inverso,100000,CountingSort,1,806500
Inverso,100000,CountingSort,1,932000
Inverso,100000,CountingSort,1,27836200
Inverso,100000,CountingSort,1,2938900
Inverso,100000,CountingSort,1,947900
Inverso,100000,CountingSort,1,842800
Inverso,100000,CountingSort,1,27868600
Inverso,100000,CountingSort,1,3915100
Inverso,100000,CountingSort,1,30988100
Inverso,100000,CountingSort,1,3497600
Inverso,100000,CountingSort,1,32605200
Inverso,100000,CountingSort,1,34002100
Inverso,100000,CountingSort,1,10893700
Inverso,100000,CountingSort,1,13854500
Inverso,100000,CountingSort,1,7876800
Inverso,100000,CountingSort,1,11883400
Inverso,100000,CountingSort,1,4891700
Inverso,100000,CountingSort,1,7911400
Inverso,100000,CountingSort,1,7892500
Inverso,100000,CountingSort,1,16881500
Inverso,100000,CountingSort,1,27871100
Inverso,100000,CountingSort,1,12827100
Inverso,100000,CountingSort,1,19819700
Inverso,100000,CountingSort,1,13875000
Inverso,100000,CountingSort,1,24834000
Inverso,100000,CountingSort,1,7852900
Inverso,100000,CountingSort,1,24857000
Inverso,100000,CountingSort,1,9838400
Inverso,100000,CountingSort,1,14223100
Inverso,100000,CountingSort,1,8618600
Inverso,100000,CountingSort,1,1956300
Inverso,100000,CountingSort,1,12742400
Inverso,100000,CountingSort,1,10187300
Inverso,100000,CountingSort,1,8631600
Inverso,100000,CountingSort,1,3021600
Inverso,100000,CountingSort,1,21253000
Inverso,100000,CountingSort,1,19652000
Inverso,100000,CountingSort,1,32914500
Inverso,100000,CountingSort,1,18302800
Inverso,100000,CountingSort,1,16483800
Inverso,100000,CountingSort,1,19246400
Inverso,100000,CountingSort,1,15006800
Inverso,100000,CountingSort,1,18741500
Inverso,100000,CountingSort,1,18188200
Inverso,100000,CountingSort,1,15516500
Inverso,100000,CountingSort,1,19969900
Inverso,100000,CountingSort,1,14843700
Inverso,100000,CountingSort,1,10646100
Inverso,100000,CountingSort,1,23905200
Inverso,100000,CountingSort,1,10224800
Inverso,100000,CountingSort,1,23050000
Inverso,100000,CountingSort,1,31205600
Inverso,100000,CountingSort,1,1302900
Inverso,100000,CountingSort,1,31543200
Inverso,100000,CountingSort,1,10440200
Inverso,100000,CountingSort,1,22940100
Inverso,100000,CountingSort,1,10757200
Inverso,100000,CountingSort,1,21775400
Inverso,100000,CountingSort,1,10751600
Inverso,100000,CountingSort,1,21899100
Inverso,100000,CountingSort,1,10747800
Inverso,100000,CountingSort,1,24856500
Inverso,100000,CountingSort,1,7856600
Inverso,100000,CountingSort,1,24934200
Inverso,100000,CountingSort,1,7860700
Inverso,100000,CountingSort,1,24801700
Inverso,100000,CountingSort,1,7844100
Inverso,100000,CountingSort,1,24934700
Inverso,100000,CountingSort,1,7892400
Inverso,100000,CountingSort,1,24820200
Inverso,100000,CountingSort,1,7934300
Inverso,100000,CountingSort,1,24882100
Inverso,100000,CountingSort,1,7769600
Inverso,100000,CountingSort,1,24926400
Inverso,100000,CountingSort,1,8755400
Inverso,100000,CountingSort,1,24957800
Inverso,100000,CountingSort,1,8201400
Inverso,100000,CountingSort,1,24376700
Inverso,100000,CountingSort,1,13882700
Inverso,100000,CountingSort,1,18972800
Inverso,100000,CountingSort,1,11190100
Inverso,100000,CountingSort,1,22646200
Inverso,100000,CountingSort,1,11935900
Inverso,100000,CountingSort,1,20783600
Inverso,100000,CountingSort,1,11853400
Inverso,100000,CountingSort,1,20977500
Inverso,100000,CountingSort,1,11793700
Inverso,100000,CountingSort,1,20974000
Inverso,100000,CountingSort,1,11748100
Inverso,100000,CountingSort,1,20874800
Inverso,100000,CountingSort,1,11894500
Inverso,100000,CountingSort,1,20811100
Inverso,100000,CountingSort,1,11964700
Inverso,100000,CountingSort,1,21868600
Inverso,100000,CountingSort,1,8953900
Inverso,100000,CountingSort,1,2771500
Inverso,100000,CountingSort,1,12833500
Inverso,100000,CountingSort,1,15516900
Inverso,100000,CountingSort,1,1646100
Inverso,100000,CountingSort,1,3100800
Inverso,100000,CountingSort,1,13437000
Inverso,100000,CountingSort,1,17174000
Inverso,100000,CountingSort,1,29850600
Inverso,100000,CountingSort,1,4546000
Inverso,100000,CountingSort,1,28077200
Inverso,100000,CountingSort,1,4872500
Inverso,100000,CountingSort,1,27649200
Inverso,100000,CountingSort,1,4897200
Inverso,100000,CountingSort,1,27612300
Inverso,100000,CountingSort,1,15161000
Inverso,100000,CountingSort,1,17803500
Inverso,100000,CountingSort,1,14897700
Inverso,100000,CountingSort,1,17991100
Inverso,100000,CountingSort,1,14716900
Inverso,100000,CountingSort,1,14860300
Inverso,100000,CountingSort,1,2892400
Inverso,100000,CountingSort,1,2032100
Inverso,100000,CountingSort,1,24897900
Inverso,100000,CountingSort,1,4776300
Inverso,100000,CountingSort,1,896900
Inverso,100000,CountingSort,1,3817800
Inverso,100000,CountingSort,1,22934000
Inverso,100000,CountingSort,1,6077000
Inverso,100000,CountingSort,1,30709000
Inverso,100000,CountingSort,1,4924800
Inverso,100000,CountingSort,1,27859400
Inverso,100000,CountingSort,1,4760400
Inverso,100000,CountingSort,1,27640000
Inverso,100000,CountingSort,1,26163800
Inverso,100000,CountingSort,1,6855000
Inverso,100000,CountingSort,1,25962700
Inverso,100000,CountingSort,1,6712900
Inverso,100000,CountingSort,1,25921700
Inverso,100000,CountingSort,1,6910100
Inverso,100000,CountingSort,1,25831800
Inverso,100000,CountingSort,1,6852200
Inverso,100000,CountingSort,1,25883100
Inverso,100000,CountingSort,1,6640400
Inverso,100000,CountingSort,1,27020700
Inverso,100000,CountingSort,1,5191100
Inverso,100000,CountingSort,1,28247700
Inverso,100000,CountingSort,1,31617700
Inverso,100000,CountingSort,1,707300
Inverso,100000,CountingSort,1,32001800
Inverso,100000,CountingSort,1,32695200
Inverso,100000,CountingSort,1,32042900
Inverso,100000,CountingSort,1,31786300
Inverso,100000,CountingSort,1,32616400
Inverso,100000,CountingSort,1,32105500
Inverso,100000,CountingSort,1,1798200
Inverso,100000,CountingSort,1,30859300
Inverso,100000,CountingSort,1,31190800
Inverso,100000,CountingSort,1,2546000
Inverso,100000,CountingSort,1,31049800
Inverso,100000,CountingSort,1,9698200
Inverso,100000,CountingSort,1,24551400
Inverso,100000,CountingSort,1,5130400
Inverso,100000,CountingSort,1,2892600
Inverso,100000,CountingSort,1,24864300
Inverso,100000,CountingSort,1,889200
Inverso,100000,CountingSort,1,3917300
Inverso,100000,CountingSort,1,2908900
Inverso,100000,CountingSort,1,24923000
Inverso,100000,CountingSort,1,4933500
Inverso,100000,CountingSort,1,27867600
Inverso,100000,CountingSort,1,6822400
Inverso,100000,CountingSort,1,25943900
Inverso,100000,CountingSort,1,6809300
Inverso,100000,CountingSort,1,25911900
Inverso,100000,CountingSort,1,6818000
Inverso,100000,CountingSort,1,25963600
Inverso,100000,CountingSort,1,6791400
Inverso,100000,CountingSort,1,25916000
Inverso,100000,CountingSort,1,6832600
Inverso,100000,CountingSort,1,25635900
Inverso,100000,CountingSort,1,27301300
Inverso,100000,CountingSort,1,5704000
Inverso,100000,CountingSort,1,15801700
Inverso,100000,CountingSort,1,10998800
Inverso,100000,CountingSort,1,7816600
Inverso,100000,CountingSort,1,2909700
Inverso,100000,CountingSort,1,10934300
Inverso,100000,CountingSort,1,10844900
Inverso,100000,CountingSort,1,7941000
Inverso,100000,CountingSort,1,14028700
Inverso,100000,CountingSort,1,20802700
Inverso,100000,CountingSort,1,22819200
Inverso,100000,CountingSort,1,9916600
Inverso,100000,CountingSort,1,22873700
Inverso,100000,CountingSort,1,9834400
Inverso,100000,CountingSort,1,22842200
Inverso,100000,CountingSort,1,9903100
Inverso,100000,CountingSort,1,22813900
Inverso,100000,CountingSort,1,9997100
Inverso,100000,CountingSort,1,22805200
Inverso,100000,CountingSort,1,9821300
Inverso,100000,CountingSort,1,22907300
Inverso,100000,CountingSort,1,9814400
Inverso,100000,CountingSort,1,7876400
Inverso,100000,CountingSort,1,13922800
Inverso,100000,CountingSort,1,916500
Inverso,100000,CountingSort,1,9884600
Inverso,100000,CountingSort,1,7915300
Inverso,100000,CountingSort,1,14924200
Inverso,100000,CountingSort,1,32856300
Inverso,100000,CountingSort,1,16513900
Inverso,100000,CountingSort,1,22829100
Inverso,100000,CountingSort,1,11215800
Inverso,100000,CountingSort,1,25850200
Inverso,100000,CountingSort,1,7756400
Inverso,100000,CountingSort,1,25026000
Inverso,100000,CountingSort,1,7883800
Inverso,100000,CountingSort,1,24534800
Inverso,100000,CountingSort,1,19127300
Inverso,100000,CountingSort,1,13931100
Inverso,100000,CountingSort,1,18873900
Inverso,100000,CountingSort,1,14816000
Inverso,100000,CountingSort,1,17908800
Inverso,100000,CountingSort,1,14810000
Inverso,100000,CountingSort,1,17539300
Inverso,100000,CountingSort,1,15104800
Inverso,100000,CountingSort,1,4857800
Inverso,100000,CountingSort,1,11921200
Inverso,100000,CountingSort,1,2204700
Inverso,100000,CountingSort,1,15887500
Inverso,100000,CountingSort,1,14991600
Inverso,100000,CountingSort,1,19579800
Inverso,100000,CountingSort,1,20068300
Inverso,100000,CountingSort,1,12670700
Inverso,100000,CountingSort,1,20156600
Inverso,100000,CountingSort,1,12711300
Inverso,100000,CountingSort,1,19732500
Inverso,100000,CountingSort,1,14918000
Inverso,100000,CountingSort,1,17815200
Inverso,100000,CountingSort,1,14875500
Inverso,100000,CountingSort,1,17863300
Inverso,100000,CountingSort,1,14810400
Inverso,100000,CountingSort,1,18054200
Inverso,100000,CountingSort,1,14760900
Inverso,100000,CountingSort,1,4884300
Inverso,100000,CountingSort,1,12839400
Inverso,100000,CountingSort,1,4860300
Inverso,100000,CountingSort,1,13071500
Inverso,100000,CountingSort,1,1915500
Inverso,100000,CountingSort,1,12948100
Inverso,100000,CountingSort,1,18819600
Inverso,100000,CountingSort,1,32363900
Inverso,100000,CountingSort,1,17866400
Inverso,100000,CountingSort,1,14887100
Inverso,100000,CountingSort,1,17853400
Inverso,100000,CountingSort,1,14856100
Inverso,100000,CountingSort,1,17886800
Inverso,100000,CountingSort,1,14879600
Inverso,100000,CountingSort,1,17843100
Inverso,100000,CountingSort,1,14902300
Inverso,100000,CountingSort,1,17806500
Inverso,100000,CountingSort,1,14897000
Inverso,100000,CountingSort,1,17859600
Inverso,100000,CountingSort,1,8890000
Inverso,100000,CountingSort,1,6070500
Inverso,100000,CountingSort,1,6719200
Inverso,100000,CountingSort,1,17819800
Inverso,100000,CountingSort,1,1930300
Inverso,100000,CountingSort,1,5922600
Inverso,100000,CountingSort,1,6865600
Inverso,100000,CountingSort,1,19950200
Inverso,100000,CountingSort,1,13859300
Inverso,100000,CountingSort,1,23754900
Inverso,100000,CountingSort,1,25831700
Inverso,100000,CountingSort,1,7855700
Inverso,100000,CountingSort,1,24888300
Inverso,100000,CountingSort,1,7869500
Inverso,100000,CountingSort,1,24844400
Inverso,100000,CountingSort,1,10470300
Inverso,100000,CountingSort,1,25556700
Inverso,100000,CountingSort,1,10796500
Inverso,100000,CountingSort,1,31650200
Inverso,100000,CountingSort,1,1697200
Inverso,100000,CountingSort,1,30952700
Inverso,100000,CountingSort,1,3207800
Inverso,100000,CountingSort,1,28554000
Inverso,100000,CountingSort,1,32770200
Inverso,100000,CountingSort,1,30824600
Inverso,100000,CountingSort,1,2847200
Inverso,100000,CountingSort,1,29860500
Inverso,100000,CountingSort,1,6465500
Inverso,100000,CountingSort,1,30208200
Inverso,100000,CountingSort,1,1990000
Inverso,100000,CountingSort,1,30708000
Inverso,100000,CountingSort,1,2008300
Inverso,100000,CountingSort,1,30779400
Inverso,100000,CountingSort,1,8257400
Inverso,100000,CountingSort,1,24467500
Inverso,100000,CountingSort,1,841400
Inverso,100000,CountingSort,1,7905600
Inverso,100000,CountingSort,1,16089748500
Inverso,100000,CountingSort,1,24160700
Inverso,100000,CountingSort,1,9104800
Inverso,100000,CountingSort,1,22654600
Inverso,100000,CountingSort,1,9849100
Inverso,100000,CountingSort,1,21952000
Inverso,100000,CountingSort,1,11186100
Inverso,100000,CountingSort,1,21854300
Inverso,100000,CountingSort,1,30824300
Inverso,100000,CountingSort,1,1878300
Inverso,100000,CountingSort,1,30581300
Inverso,100000,CountingSort,1,11126600
Inverso,100000,CountingSort,1,21894300
Inverso,100000,CountingSort,1,10814900
Inverso,100000,CountingSort,1,21761300
Inverso,100000,CountingSort,1,29960500
Inverso,100000,CountingSort,1,2928600
Inverso,100000,CountingSort,1,29844400
Inverso,100000,CountingSort,1,2856300
Inverso,100000,CountingSort,1,29608000
Inverso,100000,CountingSort,1,11109500
Inverso,100000,CountingSort,1,20915900
Inverso,100000,CountingSort,1,844400
Inverso,100000,CountingSort,1,11893100
Inverso,100000,CountingSort,1,4881500
Inverso,100000,CountingSort,1,14892200
Inverso,100000,CountingSort,1,13165500
Inverso,100000,CountingSort,1,19629100
Inverso,100000,CountingSort,1,16950300
Inverso,100000,CountingSort,1,15854600
Inverso,100000,CountingSort,1,16796600
Inverso,100000,CountingSort,1,15931100
Inverso,100000,CountingSort,1,16809700
Inverso,100000,CountingSort,1,15868300
Inverso,100000,CountingSort,1,16872200
Inverso,100000,CountingSort,1,15883800
Inverso,100000,CountingSort,1,16866400
Inverso,100000,CountingSort,1,15867700
Inverso,100000,CountingSort,1,8979100
Inverso,100000,CountingSort,1,7807900
Inverso,100000,CountingSort,1,15882200
Inverso,100000,CountingSort,1,5876900
Inverso,100000,CountingSort,1,2890600
Inverso,100000,CountingSort,1,7977100
Inverso,100000,CountingSort,1,15865600
Inverso,100000,CountingSort,1,9043200
Inverso,100000,CountingSort,1,29846100
Inverso,100000,CountingSort,1,13299400
Inverso,100000,CountingSort,1,23350700
Inverso,100000,CountingSort,1,20896100
Inverso,100000,CountingSort,1,20794400
Inverso,100000,CountingSort,1,12153200
Inverso,100000,CountingSort,1,20469300
Inverso,100000,CountingSort,1,23016200
Inverso,100000,CountingSort,1,9819800
Inverso,100000,CountingSort,1,24522700
Inverso,100000,CountingSort,1,6184700
Inverso,100000,CountingSort,1,1878700
Inverso,100000,CountingSort,1,23870600
Inverso,100000,CountingSort,1,1461900
Inverso,100000,CountingSort,1,5360200
Inverso,100000,CountingSort,1,2950000
Inverso,100000,CountingSort,1,22879800
Inverso,100000,CountingSort,1,6924800
Inverso,100000,CountingSort,1,25922600
Inverso,100000,CountingSort,1,8836600
Inverso,100000,CountingSort,1,23875000
Inverso,100000,CountingSort,1,8796400
Inverso,100000,CountingSort,1,23910800
Inverso,100000,CountingSort,1,8826400
Inverso,100000,CountingSort,1,24868200
Inverso,100000,CountingSort,1,14101000
Inverso,100000,CountingSort,1,20669300
Inverso,100000,CountingSort,1,12831800
Inverso,100000,CountingSort,1,19595200
Inverso,100000,CountingSort,1,30175000
Inverso,100000,CountingSort,1,6825200
Inverso,100000,CountingSort,1,25947500
Inverso,100000,CountingSort,1,6772800
Inverso,100000,CountingSort,1,25926400
Inverso,100000,CountingSort,1,6958400
Inverso,100000,CountingSort,1,25789400
Inverso,100000,CountingSort,1,4501000
Inverso,100000,CountingSort,1,3252200
Inverso,100000,CountingSort,1,26842700
Inverso,100000,CountingSort,1,1029200
Inverso,100000,CountingSort,1,1820700
Inverso,100000,CountingSort,1,5332400
Inverso,100000,CountingSort,1,25385100
Inverso,100000,CountingSort,1,7069200
Inverso,100000,CountingSort,1,26953900
Inverso,100000,CountingSort,1,31287800
Inverso,100000,CountingSort,1,11219100
Inverso,100000,CountingSort,1,21801500
Inverso,100000,CountingSort,1,10897700
Inverso,100000,CountingSort,1,21563100
Inverso,100000,CountingSort,1,30397000
Inverso,100000,CountingSort,1,2968500
Inverso,100000,CountingSort,1,29449800
Inverso,100000,CountingSort,1,3846900
Inverso,100000,CountingSort,1,29681500
Inverso,100000,CountingSort,1,9800100
Inverso,100000,CountingSort,1,22839900
Inverso,100000,CountingSort,1,9887900
Inverso,100000,CountingSort,1,22847800
Inverso,100000,CountingSort,1,9863600
Inverso,100000,CountingSort,1,20849700
Inverso,100000,CountingSort,1,2978100
Inverso,100000,CountingSort,1,822400
Inverso,100000,CountingSort,1,9857500
Inverso,100000,CountingSort,1,19877300
Inverso,100000,CountingSort,1,2926300
Inverso,100000,CountingSort,1,30822400
Inverso,100000,CountingSort,1,11798100
Inverso,100000,CountingSort,1,24128600
Inverso,100000,CountingSort,1,30336800
Inverso,100000,CountingSort,1,7671300
Inverso,100000,CountingSort,1,25579900
Inverso,100000,CountingSort,1,7893200
Inverso,100000,CountingSort,1,24546500
Inverso,100000,CountingSort,1,8138800
Inverso,100000,CountingSort,1,24571100
Inverso,100000,CountingSort,1,21179100
Inverso,100000,CountingSort,1,11726400
Inverso,100000,CountingSort,1,20648100
Inverso,100000,CountingSort,1,11934300
Inverso,100000,CountingSort,1,8759200
Inverso,100000,CountingSort,1,20900100
Inverso,100000,CountingSort,1,2888800
Inverso,100000,CountingSort,1,6888500
Inverso,100000,CountingSort,1,2077400
Inverso,100000,CountingSort,1,20809400
Inverso,100000,CountingSort,1,9846200
Inverso,100000,CountingSort,1,24810900
Inverso,100000,CountingSort,1,8912200
Inverso,100000,CountingSort,1,25168600
Inverso,100000,CountingSort,1,9525200
Inverso,100000,CountingSort,1,24862000
Inverso,100000,CountingSort,1,8857500
Inverso,100000,CountingSort,1,24819700
Inverso,100000,CountingSort,1,16422955900
Inverso,100000,CountingSort,1,10930100
Inverso,100000,CountingSort,1,21893800
Inverso,100000,CountingSort,1,9842700
Inverso,100000,CountingSort,1,22850400
Inverso,100000,CountingSort,1,9069600
Inverso,100000,CountingSort,1,32653600
Inverso,100000,CountingSort,1,30846200
Inverso,100000,CountingSort,1,1852100
Inverso,100000,CountingSort,1,30829200
Inverso,100000,CountingSort,1,22897600
Inverso,100000,CountingSort,1,9893500
Inverso,100000,CountingSort,1,30717600
Inverso,100000,CountingSort,1,1940200
Inverso,100000,CountingSort,1,30824300
Inverso,100000,CountingSort,1,1878100
Inverso,100000,CountingSort,1,30828100
Inverso,100000,CountingSort,1,24735400
Inverso,100000,CountingSort,1,11167000
Inverso,100000,CountingSort,1,32702200
Inverso,100000,CountingSort,1,31899500
