Inverso,100000,MergeSort,4,18356400
Inverso,100000,MergeSort,4,5367900
Inverso,100000,MergeSort,4,3618400
Inverso,100000,MergeSort,4,2554800
Inverso,100000,MergeSort,4,2571800
Inverso,100000,MergeSort,4,2910100
Inverso,100000,MergeSort,4,2025600
Inverso,100000,MergeSort,4,1887800
Inverso,100000,MergeSort,4,2161500
Inverso,100000,MergeSort,4,2342100
Inverso,100000,MergeSort,4,3445500
Inverso,100000,MergeSort,4,4670200
Inverso,100000,MergeSort,4,1841000
Inverso,100000,MergeSort,4,2077800
Inverso,100000,MergeSort,4,2246000
Inverso,100000,MergeSort,4,2158900
Inverso,100000,MergeSort,4,2794200
Inverso,100000,MergeSort,4,2044800
Inverso,100000,MergeSort,4,2739300
Inverso,100000,MergeSort,4,3047500
Inverso,100000,MergeSort,4,2212200
Inverso,100000,MergeSort,4,1932400
Inverso,100000,MergeSort,4,1928300
Inverso,100000,MergeSort,4,1992100
Inverso,100000,MergeSort,4,1783500
Inverso,100000,MergeSort,4,1969000
Inverso,100000,MergeSort,4,1735700
Inverso,100000,MergeSort,4,2186600
Inverso,100000,MergeSort,4,1852100
Inverso,100000,MergeSort,4,1668800
Inverso,100000,MergeSort,4,1783800
Inverso,100000,MergeSort,4,1695100
Inverso,100000,MergeSort,4,1628700
Inverso,100000,MergeSort,4,1081400
Inverso,100000,MergeSort,4,1560700
Inverso,100000,MergeSort,4,1041700
Inverso,100000,MergeSort,4,1655300
Inverso,100000,MergeSort,4,1635600
Inverso,100000,MergeSort,4,1266800
Inverso,100000,MergeSort,4,1406200
Inverso,100000,MergeSort,4,1201100
Inverso,100000,MergeSort,4,1610500
Inverso,100000,MergeSort,4,1804400
Inverso,100000,MergeSort,4,1723600
Inverso,100000,MergeSort,4,2133900
Inverso,100000,MergeSort,4,1693100
Inverso,100000,MergeSort,4,1716800
Inverso,100000,MergeSort,4,1690300
Inverso,100000,MergeSort,4,1690000
Inverso,100000,MergeSort,4,1673600
Inverso,100000,MergeSort,4,1671900
Inverso,100000,MergeSort,4,1671500
Inverso,100000,MergeSort,4,1659900
Inverso,100000,MergeSort,4,1645300
Inverso,100000,MergeSort,4,1681100
Inverso,100000,MergeSort,4,1711900
Inverso,100000,MergeSort,4,1699900
Inverso,100000,MergeSort,4,1678700
Inverso,100000,MergeSort,4,1703600
Inverso,100000,MergeSort,4,1678500
Inverso,100000,MergeSort,4,1698500
Inverso,100000,MergeSort,4,1681900
Inverso,100000,MergeSort,4,1673100
Inverso,100000,MergeSort,4,1694100
Inverso,100000,MergeSort,4,1654400
Inverso,100000,MergeSort,4,1697900
Inverso,100000,MergeSort,4,1693500
Inverso,100000,MergeSort,4,1692700
Inverso,100000,MergeSort,4,2229100
Inverso,100000,MergeSort,4,1695200
Inverso,100000,MergeSort,4,1678300
Inverso,100000,MergeSort,4,1623600
Inverso,100000,MergeSort,4,1686600
Inverso,100000,MergeSort,4,1664700
Inverso,100000,MergeSort,4,1687500
Inverso,100000,MergeSort,4,1695700
Inverso,100000,MergeSort,4,1674400
Inverso,100000,MergeSort,4,1627000
Inverso,100000,MergeSort,4,1589200
Inverso,100000,MergeSort,4,1592200
Inverso,100000,MergeSort,4,1588500
Inverso,100000,MergeSort,4,1611300
Inverso,100000,MergeSort,4,1630400
Inverso,100000,MergeSort,4,1633400
Inverso,100000,MergeSort,4,1681700
Inverso,100000,MergeSort,4,1729400
Inverso,100000,MergeSort,4,1289800
Inverso,100000,MergeSort,4,1604700
Inverso,100000,MergeSort,4,1619100
Inverso,100000,MergeSort,4,1609100
Inverso,100000,MergeSort,4,1671200
Inverso,100000,MergeSort,4,1637100
Inverso,100000,MergeSort,4,1632700
Inverso,100000,MergeSort,4,2158400
Inverso,100000,MergeSort,4,1614700
Inverso,100000,MergeSort,4,1620600
Inverso,100000,MergeSort,4,1366100
Inverso,100000,MergeSort,4,1611100
Inverso,100000,MergeSort,4,1624600
Inverso,100000,MergeSort,4,1648800
Inverso,100000,MergeSort,4,1648100
Inverso,100000,MergeSort,4,1624600
Inverso,100000,MergeSort,4,1617200
Inverso,100000,MergeSort,4,1677200
Inverso,100000,MergeSort,4,1619100
Inverso,100000,MergeSort,4,1622900
Inverso,100000,MergeSort,4,1578300
Inverso,100000,MergeSort,4,1629900
Inverso,100000,MergeSort,4,1660900
Inverso,100000,MergeSort,4,1648700
Inverso,100000,MergeSort,4,1664000
Inverso,100000,MergeSort,4,1600300
Inverso,100000,MergeSort,4,1619700
Inverso,100000,MergeSort,4,1631500
Inverso,100000,MergeSort,4,1651000
Inverso,100000,MergeSort,4,1640200
Inverso,100000,MergeSort,4,1604000
Inverso,100000,MergeSort,4,1619500
Inverso,100000,MergeSort,4,1624100
Inverso,100000,MergeSort,4,1630000
Inverso,100000,MergeSort,4,1625900
Inverso,100000,MergeSort,4,1618500
Inverso,100000,MergeSort,4,1629500
Inverso,100000,MergeSort,4,1603800
Inverso,100000,MergeSort,4,1621400
Inverso,100000,MergeSort,4,1620900
Inverso,100000,MergeSort,4,1642700
Inverso,100000,MergeSort,4,1623100
Inverso,100000,MergeSort,4,1654400
Inverso,100000,MergeSort,4,1601000
Inverso,100000,MergeSort,4,1654300
Inverso,100000,MergeSort,4,1633300
Inverso,100000,MergeSort,4,1619500
Inverso,100000,MergeSort,4,1625700
Inverso,100000,MergeSort,4,1626300
Inverso,100000,MergeSort,4,1611000
Inverso,100000,MergeSort,4,1608400
Inverso,100000,MergeSort,4,1593300
Inverso,100000,MergeSort,4,1600200
Inverso,100000,MergeSort,4,1630600
Inverso,100000,MergeSort,4,1648600
Inverso,100000,MergeSort,4,1598100
Inverso,100000,MergeSort,4,1628700
Inverso,100000,MergeSort,4,1608000
Inverso,100000,MergeSort,4,1581800
Inverso,100000,MergeSort,4,1702900
Inverso,100000,MergeSort,4,2309300
Inverso,100000,MergeSort,4,2365800
Inverso,100000,MergeSort,4,2250900
Inverso,100000,MergeSort,4,1726800
Inverso,100000,MergeSort,4,1802000
Inverso,100000,MergeSort,4,1940400
Inverso,100000,MergeSort,4,1800100
Inverso,100000,MergeSort,4,1716000
Inverso,100000,MergeSort,4,1655300
Inverso,100000,MergeSort,4,2228300
Inverso,100000,MergeSort,4,1960300
Inverso,100000,MergeSort,4,1934700
Inverso,100000,MergeSort,4,1670000
Inverso,100000,MergeSort,4,1702700
Inverso,100000,MergeSort,4,1711900
Inverso,100000,MergeSort,4,1668600
Inverso,100000,MergeSort,4,1680400
Inverso,100000,MergeSort,4,1681000
Inverso,100000,MergeSort,4,1681200
Inverso,100000,MergeSort,4,1680600
Inverso,100000,MergeSort,4,1679000
Inverso,100000,MergeSort,4,1779900
Inverso,100000,MergeSort,4,1704700
Inverso,100000,MergeSort,4,1680700
Inverso,100000,MergeSort,4,1664700
Inverso,100000,MergeSort,4,1611500
Inverso,100000,MergeSort,4,1621700
Inverso,100000,MergeSort,4,1621900
Inverso,100000,MergeSort,4,1605700
Inverso,100000,MergeSort,4,1620500
Inverso,100000,MergeSort,4,1611500
Inverso,100000,MergeSort,4,1626700
Inverso,100000,MergeSort,4,1590500
Inverso,100000,MergeSort,4,1615300
Inverso,100000,MergeSort,4,1648100
Inverso,100000,MergeSort,4,1617500
Inverso,100000,MergeSort,4,1614400
Inverso,100000,MergeSort,4,1628700
Inverso,100000,MergeSort,4,1622100
Inverso,100000,MergeSort,4,1643900
Inverso,100000,MergeSort,4,1685100
Inverso,100000,MergeSort,4,1583800
Inverso,100000,MergeSort,4,1628900
Inverso,100000,MergeSort,4,1608900
Inverso,100000,MergeSort,4,1613300
Inverso,100000,MergeSort,4,1626100
Inverso,100000,MergeSort,4,2111300
Inverso,100000,MergeSort,4,1650100
Inverso,100000,MergeSort,4,1625900
Inverso,100000,MergeSort,4,1592500
Inverso,100000,MergeSort,4,1659800
Inverso,100000,MergeSort,4,1610300
Inverso,100000,MergeSort,4,1615400
Inverso,100000,MergeSort,4,1625500
Inverso,100000,MergeSort,4,1592300
Inverso,100000,MergeSort,4,1632900
Inverso,100000,MergeSort,4,1633300
Inverso,100000,MergeSort,4,1618200
Inverso,100000,MergeSort,4,1574700
Inverso,100000,MergeSort,4,1600000
Inverso,100000,MergeSort,4,1617400
Inverso,100000,MergeSort,4,1617800
Inverso,100000,MergeSort,4,1622900
Inverso,100000,MergeSort,4,1639400
Inverso,100000,MergeSort,4,1635500
Inverso,100000,MergeSort,4,1611700
Inverso,100000,MergeSort,4,1620600
Inverso,100000,MergeSort,4,1607800
Inverso,100000,MergeSort,4,1613000
Inverso,100000,MergeSort,4,1636800
Inverso,100000,MergeSort,4,2154000
Inverso,100000,MergeSort,4,1636800
Inverso,100000,MergeSort,4,1587700
Inverso,100000,MergeSort,4,1650800
Inverso,100000,MergeSort,4,1616700
Inverso,100000,MergeSort,4,1613100
Inverso,100000,MergeSort,4,1625900
Inverso,100000,MergeSort,4,1611200
Inverso,100000,MergeSort,4,1596700
Inverso,100000,MergeSort,4,1603900
Inverso,100000,MergeSort,4,1625800
Inverso,100000,MergeSort,4,1619200
Inverso,100000,MergeSort,4,1623900
Inverso,100000,MergeSort,4,1612700
Inverso,100000,MergeSort,4,1617600
Inverso,100000,MergeSort,4,1719800
Inverso,100000,MergeSort,4,1618500
Inverso,100000,MergeSort,4,998600
Inverso,100000,MergeSort,4,1630300
Inverso,100000,MergeSort,4,1609100
Inverso,100000,MergeSort,4,1625500
Inverso,100000,MergeSort,4,1645500
Inverso,100000,MergeSort,4,1653100
Inverso,100000,MergeSort,4,1613400
Inverso,100000,MergeSort,4,1645200
Inverso,100000,MergeSort,4,2196600
Inverso,100000,MergeSort,4,1629900
Inverso,100000,MergeSort,4,1602100
Inverso,100000,MergeSort,4,1594900
Inverso,100000,MergeSort,4,1615800
Inverso,100000,MergeSort,4,1612400
Inverso,100000,MergeSort,4,1630300
Inverso,100000,MergeSort,4,1620500
Inverso,100000,MergeSort,4,1621000
Inverso,100000,MergeSort,4,1617300
Inverso,100000,MergeSort,4,1606500
Inverso,100000,MergeSort,4,1618200
Inverso,100000,MergeSort,4,1670500
Inverso,100000,MergeSort,4,1604100
Inverso,100000,MergeSort,4,1616400
Inverso,100000,MergeSort,4,1650000
Inverso,100000,MergeSort,4,1640800
Inverso,100000,MergeSort,4,1627600
Inverso,100000,MergeSort,4,1606600
Inverso,100000,MergeSort,4,1616100
Inverso,100000,MergeSort,4,1601600
Inverso,100000,MergeSort,4,1699400
Inverso,100000,MergeSort,4,1683500
Inverso,100000,MergeSort,4,1604300
Inverso,100000,MergeSort,4,1732800
Inverso,100000,MergeSort,4,1705500
Inverso,100000,MergeSort,4,1632400
Inverso,100000,MergeSort,4,1635000
Inverso,100000,MergeSort,4,1630200
Inverso,100000,MergeSort,4,1615200
Inverso,100000,MergeSort,4,1623900
Inverso,100000,MergeSort,4,1558300
Inverso,100000,MergeSort,4,1629100
Inverso,100000,MergeSort,4,1603800
Inverso,100000,MergeSort,4,1703800
Inverso,100000,MergeSort,4,1734400
Inverso,100000,MergeSort,4,1821400
Inverso,100000,MergeSort,4,2040600
Inverso,100000,MergeSort,4,1698000
Inverso,100000,MergeSort,4,1661400
Inverso,100000,MergeSort,4,1001200
Inverso,100000,MergeSort,4,1064200
Inverso,100000,MergeSort,4,994400
Inverso,100000,MergeSort,4,1005100
Inverso,100000,MergeSort,4,1002700
Inverso,100000,MergeSort,4,1129800
Inverso,100000,MergeSort,4,1008300
Inverso,100000,MergeSort,4,1198500
Inverso,100000,MergeSort,4,972500
Inverso,100000,MergeSort,4,1491400
Inverso,100000,MergeSort,4,1703700
Inverso,100000,MergeSort,4,1696900
Inverso,100000,MergeSort,4,1706100
Inverso,100000,MergeSort,4,1621600
Inverso,100000,MergeSort,4,1067700
Inverso,100000,MergeSort,4,1090700
Inverso,100000,MergeSort,4,1011200
Inverso,100000,MergeSort,4,991400
Inverso,100000,MergeSort,4,1033300
Inverso,100000,MergeSort,4,1010600
Inverso,100000,MergeSort,4,1027100
Inverso,100000,MergeSort,4,996700
Inverso,100000,MergeSort,4,1054900
Inverso,100000,MergeSort,4,989600
Inverso,100000,MergeSort,4,1061800
Inverso,100000,MergeSort,4,1062100
Inverso,100000,MergeSort,4,1659600
Inverso,100000,MergeSort,4,1680000
Inverso,100000,MergeSort,4,1681400
Inverso,100000,MergeSort,4,1668500
Inverso,100000,MergeSort,4,1700800
Inverso,100000,MergeSort,4,1688500
Inverso,100000,MergeSort,4,1638300
Inverso,100000,MergeSort,4,1664800
Inverso,100000,MergeSort,4,1682100
Inverso,100000,MergeSort,4,1680000
Inverso,100000,MergeSort,4,1795000
Inverso,100000,MergeSort,4,1710700
Inverso,100000,MergeSort,4,1679200
Inverso,100000,MergeSort,4,1674800
Inverso,100000,MergeSort,4,1670500
Inverso,100000,MergeSort,4,1658100
Inverso,100000,MergeSort,4,1675800
Inverso,100000,MergeSort,4,1689100
Inverso,100000,MergeSort,4,1688600
Inverso,100000,MergeSort,4,1692300
Inverso,100000,MergeSort,4,1703000
Inverso,100000,MergeSort,4,1650700
Inverso,100000,MergeSort,4,1706500
Inverso,100000,MergeSort,4,1687900
Inverso,100000,MergeSort,4,1677900
Inverso,100000,MergeSort,4,1578300
Inverso,100000,MergeSort,4,1615200
Inverso,100000,MergeSort,4,1659800
Inverso,100000,MergeSort,4,1617700
Inverso,100000,MergeSort,4,1591000
Inverso,100000,MergeSort,4,1598900
Inverso,100000,MergeSort,4,1625100
Inverso,100000,MergeSort,4,1606100
Inverso,100000,MergeSort,4,1614100
Inverso,100000,MergeSort,4,1619800
Inverso,100000,MergeSort,4,1583100
Inverso,100000,MergeSort,4,1612400
Inverso,100000,MergeSort,4,1701300
Inverso,100000,MergeSort,4,1651600
Inverso,100000,MergeSort,4,1654000
Inverso,100000,MergeSort,4,1612100
Inverso,100000,MergeSort,4,1618100
Inverso,100000,MergeSort,4,1637200
Inverso,100000,MergeSort,4,1592400
Inverso,100000,MergeSort,4,2218100
Inverso,100000,MergeSort,4,1601400
Inverso,100000,MergeSort,4,1585000
Inverso,100000,MergeSort,4,1615600
Inverso,100000,MergeSort,4,1607100
Inverso,100000,MergeSort,4,1611600
Inverso,100000,MergeSort,4,1609000
Inverso,100000,MergeSort,4,1620600
Inverso,100000,MergeSort,4,1601100
Inverso,100000,MergeSort,4,1644000
Inverso,100000,MergeSort,4,1627100
Inverso,100000,MergeSort,4,1666100
Inverso,100000,MergeSort,4,1596400
Inverso,100000,MergeSort,4,1596700
Inverso,100000,MergeSort,4,1615200
Inverso,100000,MergeSort,4,1632000
Inverso,100000,MergeSort,4,1582400
Inverso,100000,MergeSort,4,1631900
Inverso,100000,MergeSort,4,1623400
Inverso,100000,MergeSort,4,1612400
Inverso,100000,MergeSort,4,1684200
Inverso,100000,MergeSort,4,1608800
Inverso,100000,MergeSort,4,1622800
Inverso,100000,MergeSort,4,1592500
Inverso,100000,MergeSort,4,1621400
Inverso,100000,MergeSort,4,6286900
Inverso,100000,MergeSort,4,1631000
Inverso,100000,MergeSort,4,1003200
Inverso,100000,MergeSort,4,1639400
Inverso,100000,MergeSort,4,1609100
Inverso,100000,MergeSort,4,1614800
Inverso,100000,MergeSort,4,1619000
Inverso,100000,MergeSort,4,1626000
Inverso,100000,MergeSort,4,1625400
Inverso,100000,MergeSort,4,1638000
Inverso,100000,MergeSort,4,1620700
Inverso,100000,MergeSort,4,1514300
Inverso,100000,MergeSort,4,1031000
Inverso,100000,MergeSort,4,1031400
Inverso,100000,MergeSort,4,1137600
Inverso,100000,MergeSort,4,1005200
Inverso,100000,MergeSort,4,1018000
Inverso,100000,MergeSort,4,1031100
Inverso,100000,MergeSort,4,1055600
Inverso,100000,MergeSort,4,1013700
Inverso,100000,MergeSort,4,985900
Inverso,100000,MergeSort,4,979900
Inverso,100000,MergeSort,4,1062000
Inverso,100000,MergeSort,4,1002600
Inverso,100000,MergeSort,4,987900
Inverso,100000,MergeSort,4,990100
Inverso,100000,MergeSort,4,984500
Inverso,100000,MergeSort,4,981100
Inverso,100000,MergeSort,4,1005200
Inverso,100000,MergeSort,4,980500
Inverso,100000,MergeSort,4,986100
Inverso,100000,MergeSort,4,1026300
Inverso,100000,MergeSort,4,1043100
Inverso,100000,MergeSort,4,998800
Inverso,100000,MergeSort,4,1014400
Inverso,100000,MergeSort,4,1028600
Inverso,100000,MergeSort,4,1588500
Inverso,100000,MergeSort,4,1050200
Inverso,100000,MergeSort,4,984100
Inverso,100000,MergeSort,4,1027400
Inverso,100000,MergeSort,4,966300
Inverso,100000,MergeSort,4,996300
Inverso,100000,MergeSort,4,1084500
Inverso,100000,MergeSort,4,992300
Inverso,100000,MergeSort,4,1011200
Inverso,100000,MergeSort,4,970000
Inverso,100000,MergeSort,4,1011400
Inverso,100000,MergeSort,4,1010100
Inverso,100000,MergeSort,4,1012900
Inverso,100000,MergeSort,4,1007100
Inverso,100000,MergeSort,4,967400
Inverso,100000,MergeSort,4,977900
Inverso,100000,MergeSort,4,1022000
Inverso,100000,MergeSort,4,1701500
Inverso,100000,MergeSort,4,1654800
Inverso,100000,MergeSort,4,1681900
Inverso,100000,MergeSort,4,1689800
Inverso,100000,MergeSort,4,1636200
Inverso,100000,MergeSort,4,1659100
Inverso,100000,MergeSort,4,1692700
Inverso,100000,MergeSort,4,1690300
Inverso,100000,MergeSort,4,1649400
Inverso,100000,MergeSort,4,1681800
Inverso,100000,MergeSort,4,1670200
Inverso,100000,MergeSort,4,1649800
Inverso,100000,MergeSort,4,1671700
Inverso,100000,MergeSort,4,1638600
Inverso,100000,MergeSort,4,1643600
Inverso,100000,MergeSort,4,1699800
Inverso,100000,MergeSort,4,1742100
Inverso,100000,MergeSort,4,1689300
Inverso,100000,MergeSort,4,1700200
Inverso,100000,MergeSort,4,1673300
Inverso,100000,MergeSort,4,1703700
Inverso,100000,MergeSort,4,1659100
Inverso,100000,MergeSort,4,1684200
Inverso,100000,MergeSort,4,1680800
Inverso,100000,MergeSort,4,1672200
Inverso,100000,MergeSort,4,1644800
Inverso,100000,MergeSort,4,1678600
Inverso,100000,MergeSort,4,1664000
Inverso,100000,MergeSort,4,1697100
Inverso,100000,MergeSort,4,1709100
Inverso,100000,MergeSort,4,1649700
Inverso,100000,MergeSort,4,1625400
Inverso,100000,MergeSort,4,1674800
Inverso,100000,MergeSort,4,1698800
Inverso,100000,MergeSort,4,1642900
Inverso,100000,MergeSort,4,1699300
Inverso,100000,MergeSort,4,1667800
Inverso,100000,MergeSort,4,1744300
Inverso,100000,MergeSort,4,1715300
Inverso,100000,MergeSort,4,1692700
Inverso,100000,MergeSort,4,1652800
Inverso,100000,MergeSort,4,1675400
Inverso,100000,MergeSort,4,1754800
Inverso,100000,MergeSort,4,1682800
Inverso,100000,MergeSort,4,2299900
Inverso,100000,MergeSort,4,1056400
Inverso,100000,MergeSort,4,1631100
Inverso,100000,MergeSort,4,1609200
Inverso,100000,MergeSort,4,1621700
Inverso,100000,MergeSort,4,1624700
Inverso,100000,MergeSort,4,1618800
Inverso,100000,MergeSort,4,1603000
Inverso,100000,MergeSort,4,1625900
Inverso,100000,MergeSort,4,1604400
Inverso,100000,MergeSort,4,1622900
Inverso,100000,MergeSort,4,1638300
Inverso,100000,MergeSort,4,1621200
Inverso,100000,MergeSort,4,1661800
Inverso,100000,MergeSort,4,1636400
Inverso,100000,MergeSort,4,1615000
Inverso,100000,MergeSort,4,1626300
Inverso,100000,MergeSort,4,1611500
Inverso,100000,MergeSort,4,1619700
Inverso,100000,MergeSort,4,1644300
Inverso,100000,MergeSort,4,1718600
Inverso,100000,MergeSort,4,1611500
Inverso,100000,MergeSort,4,1612000
Inverso,100000,MergeSort,4,1613300
Inverso,100000,MergeSort,4,1612500
Inverso,100000,MergeSort,4,1594500
Inverso,100000,MergeSort,4,2221500
Inverso,100000,MergeSort,4,1786600
Inverso,100000,MergeSort,4,1799700
Inverso,100000,MergeSort,4,1728100
Inverso,100000,MergeSort,4,1722100
Inverso,100000,MergeSort,4,1668400
Inverso,100000,MergeSort,4,1689900
Inverso,100000,MergeSort,4,1683800
Inverso,100000,MergeSort,4,1754000
Inverso,100000,MergeSort,4,1690500
Inverso,100000,MergeSort,4,1647500
Inverso,100000,MergeSort,4,2387100
Inverso,100000,MergeSort,4,1215200
Inverso,100000,MergeSort,4,1629900
Inverso,100000,MergeSort,4,1614800
Inverso,100000,MergeSort,4,1688400
Inverso,100000,MergeSort,4,1628600
Inverso,100000,MergeSort,4,1617900
Inverso,100000,MergeSort,4,1641800
Inverso,100000,MergeSort,4,1615500
Inverso,100000,MergeSort,4,2037700
Inverso,100000,MergeSort,4,1659800
Inverso,100000,MergeSort,4,1597400
Inverso,100000,MergeSort,4,1623400
Inverso,100000,MergeSort,4,1615000
Inverso,100000,MergeSort,4,1644400
Inverso,100000,MergeSort,4,1622500
Inverso,100000,MergeSort,4,1606500
Inverso,100000,MergeSort,4,1646900
Inverso,100000,MergeSort,4,1834100
Inverso,100000,MergeSort,4,1681300
Inverso,100000,MergeSort,4,1621900
Inverso,100000,MergeSort,4,1613200
Inverso,100000,MergeSort,4,1633300
Inverso,100000,MergeSort,4,1073500
Inverso,100000,MergeSort,4,2195900
Inverso,100000,MergeSort,4,1659200
Inverso,100000,MergeSort,4,1634700
Inverso,100000,MergeSort,4,1671800
Inverso,100000,MergeSort,4,1701600
Inverso,100000,MergeSort,4,1679300
Inverso,100000,MergeSort,4,1632100
Inverso,100000,MergeSort,4,1623300
Inverso,100000,MergeSort,4,1590300
Inverso,100000,MergeSort,4,1622300
Inverso,100000,MergeSort,4,1617400
Inverso,100000,MergeSort,4,1616400
Inverso,100000,MergeSort,4,1611300
Inverso,100000,MergeSort,4,1895600
Inverso,100000,MergeSort,4,1639100
Inverso,100000,MergeSort,4,1582000
Inverso,100000,MergeSort,4,1394400
Inverso,100000,MergeSort,4,1629100
Inverso,100000,MergeSort,4,1633800
Inverso,100000,MergeSort,4,1694400
Inverso,100000,MergeSort,4,1632800
Inverso,100000,MergeSort,4,1630400
Inverso,100000,MergeSort,4,1587900
Inverso,100000,MergeSort,4,1882000
Inverso,100000,MergeSort,4,1718800
Inverso,100000,MergeSort,4,1663900
Inverso,100000,MergeSort,4,1663300
Inverso,100000,MergeSort,4,1624200
Inverso,100000,MergeSort,4,1617200
Inverso,100000,MergeSort,4,1621700
Inverso,100000,MergeSort,4,1629100
Inverso,100000,MergeSort,4,1656300
Inverso,100000,MergeSort,4,1753300
Inverso,100000,MergeSort,4,1690800
Inverso,100000,MergeSort,4,1596400
Inverso,100000,MergeSort,4,1645200
Inverso,100000,MergeSort,4,1604400
Inverso,100000,MergeSort,4,1636500
Inverso,100000,MergeSort,4,1618000
Inverso,100000,MergeSort,4,1633700
Inverso,100000,MergeSort,4,1623200
Inverso,100000,MergeSort,4,1722100
Inverso,100000,MergeSort,4,1702200
Inverso,100000,MergeSort,4,1113200
Inverso,100000,MergeSort,4,1629700
Inverso,100000,MergeSort,4,1612900
Inverso,100000,MergeSort,4,1652300
Inverso,100000,MergeSort,4,1610700
Inverso,100000,MergeSort,4,1611000
Inverso,100000,MergeSort,4,1615400
Inverso,100000,MergeSort,4,1613700
Inverso,100000,MergeSort,4,1756900
Inverso,100000,MergeSort,4,1724700
Inverso,100000,MergeSort,4,1633700
Inverso,100000,MergeSort,4,1598800
Inverso,100000,MergeSort,4,1600500
Inverso,100000,MergeSort,4,1570100
Inverso,100000,MergeSort,4,1640200
Inverso,100000,MergeSort,4,1614800
Inverso,100000,MergeSort,4,1702600
Inverso,100000,MergeSort,4,1606000
Inverso,100000,MergeSort,4,2365100
Inverso,100000,MergeSort,4,1598000
Inverso,100000,MergeSort,4,1639500
Inverso,100000,MergeSort,4,1615000
Inverso,100000,MergeSort,4,1599100
Inverso,100000,MergeSort,4,1642000
Inverso,100000,MergeSort,4,1623000
Inverso,100000,MergeSort,4,1627800
Inverso,100000,MergeSort,4,1635300
Inverso,100000,MergeSort,4,1800200
Inverso,100000,MergeSort,4,1672500
Inverso,100000,MergeSort,4,1059300
Inverso,100000,MergeSort,4,1725700
Inverso,100000,MergeSort,4,1636500
Inverso,100000,MergeSort,4,1216600
Inverso,100000,MergeSort,4,1023700
Inverso,100000,MergeSort,4,994100
Inverso,100000,MergeSort,4,992900
Inverso,100000,MergeSort,4,1052200
Inverso,100000,MergeSort,4,1013700
Inverso,100000,MergeSort,4,1013000
Inverso,100000,MergeSort,4,1028800
Inverso,100000,MergeSort,4,1191000
Inverso,100000,MergeSort,4,1402600
Inverso,100000,MergeSort,4,1023300
Inverso,100000,MergeSort,4,1046100
Inverso,100000,MergeSort,4,992300
Inverso,100000,MergeSort,4,1608100
Inverso,100000,MergeSort,4,1667900
Inverso,100000,MergeSort,4,1491400
Inverso,100000,MergeSort,4,1024100
Inverso,100000,MergeSort,4,1016800
Inverso,100000,MergeSort,4,986900
Inverso,100000,MergeSort,4,992100
Inverso,100000,MergeSort,4,1071500
Inverso,100000,MergeSort,4,1378500
Inverso,100000,MergeSort,4,1174600
Inverso,100000,MergeSort,4,1588800
Inverso,100000,MergeSort,4,1018400
Inverso,100000,MergeSort,4,985300
Inverso,100000,MergeSort,4,1026000
Inverso,100000,MergeSort,4,1027700
Inverso,100000,MergeSort,4,1040800
Inverso,100000,MergeSort,4,1029400
Inverso,100000,MergeSort,4,983700
Inverso,100000,MergeSort,4,1004200
Inverso,100000,MergeSort,4,970000
Inverso,100000,MergeSort,4,1033300
Inverso,100000,MergeSort,4,1064200
Inverso,100000,MergeSort,4,1015400
Inverso,100000,MergeSort,4,1436500
Inverso,100000,MergeSort,4,1097000
Inverso,100000,MergeSort,4,1559600
Inverso,100000,MergeSort,4,1664400
Inverso,100000,MergeSort,4,1678500
Inverso,100000,MergeSort,4,1674800
Inverso,100000,MergeSort,4,1721800
Inverso,100000,MergeSort,4,1712600
Inverso,100000,MergeSort,4,1669900
Inverso,100000,MergeSort,4,2009100
Inverso,100000,MergeSort,4,1694800
Inverso,100000,MergeSort,4,1668600
Inverso,100000,MergeSort,4,1660100
Inverso,100000,MergeSort,4,1674500
Inverso,100000,MergeSort,4,1718000
Inverso,100000,MergeSort,4,1664100
Inverso,100000,MergeSort,4,1686100
Inverso,100000,MergeSort,4,1689600
Inverso,100000,MergeSort,4,1842100
Inverso,100000,MergeSort,4,1757300
Inverso,100000,MergeSort,4,1646000
Inverso,100000,MergeSort,4,1683500
Inverso,100000,MergeSort,4,1712600
Inverso,100000,MergeSort,4,1683700
Inverso,100000,MergeSort,4,2333500
Inverso,100000,MergeSort,4,1666300
Inverso,100000,MergeSort,4,1654300
Inverso,100000,MergeSort,4,1984900
Inverso,100000,MergeSort,4,1768300
Inverso,100000,MergeSort,4,1687100
Inverso,100000,MergeSort,4,1688200
Inverso,100000,MergeSort,4,1690100
Inverso,100000,MergeSort,4,1662700
Inverso,100000,MergeSort,4,1666500
Inverso,100000,MergeSort,4,1664500
Inverso,100000,MergeSort,4,1700600
Inverso,100000,MergeSort,4,1785800
Inverso,100000,MergeSort,4,1886900
Inverso,100000,MergeSort,4,1682900
Inverso,100000,MergeSort,4,1710600
Inverso,100000,MergeSort,4,1679600
Inverso,100000,MergeSort,4,1675200
Inverso,100000,MergeSort,4,1675900
Inverso,100000,MergeSort,4,1666400
Inverso,100000,MergeSort,4,1671200
Inverso,100000,MergeSort,4,1511500
Inverso,100000,MergeSort,4,2008300
Inverso,100000,MergeSort,4,1655800
Inverso,100000,MergeSort,4,1611200
Inverso,100000,MergeSort,4,1619900
Inverso,100000,MergeSort,4,1643600
Inverso,100000,MergeSort,4,1603400
Inverso,100000,MergeSort,4,1630000
Inverso,100000,MergeSort,4,1619300
Inverso,100000,MergeSort,4,1673800
Inverso,100000,MergeSort,4,1633100
Inverso,100000,MergeSort,4,1665200
Inverso,100000,MergeSort,4,1671600
Inverso,100000,MergeSort,4,1626500
Inverso,100000,MergeSort,4,1791400
Inverso,100000,MergeSort,4,1636100
Inverso,100000,MergeSort,4,2270600
Inverso,100000,MergeSort,4,1046400
Inverso,100000,MergeSort,4,1246400
Inverso,100000,MergeSort,4,1668700
Inverso,100000,MergeSort,4,1694400
Inverso,100000,MergeSort,4,1708400
Inverso,100000,MergeSort,4,1728800
Inverso,100000,MergeSort,4,1686700
Inverso,100000,MergeSort,4,1676600
Inverso,100000,MergeSort,4,1693400
Inverso,100000,MergeSort,4,1683100
Inverso,100000,MergeSort,4,1688200
Inverso,100000,MergeSort,4,1690900
Inverso,100000,MergeSort,4,1657800
Inverso,100000,MergeSort,4,1673200
Inverso,100000,MergeSort,4,1681400
Inverso,100000,MergeSort,4,1646200
Inverso,100000,MergeSort,4,1666500
Inverso,100000,MergeSort,4,1652000
Inverso,100000,MergeSort,4,1663200
Inverso,100000,MergeSort,4,1650900
Inverso,100000,MergeSort,4,1675900
Inverso,100000,MergeSort,4,1652200
Inverso,100000,MergeSort,4,1653500
Inverso,100000,MergeSort,4,1659000
Inverso,100000,MergeSort,4,1657700
Inverso,100000,MergeSort,4,1670900
Inverso,100000,MergeSort,4,1644900
Inverso,100000,MergeSort,4,1663700
Inverso,100000,MergeSort,4,1608900
Inverso,100000,MergeSort,4,1628600
Inverso,100000,MergeSort,4,1644300
Inverso,100000,MergeSort,4,1587000
Inverso,100000,MergeSort,4,1640300
Inverso,100000,MergeSort,4,1623300
Inverso,100000,MergeSort,4,1616100
Inverso,100000,MergeSort,4,1612100
Inverso,100000,MergeSort,4,2307000
Inverso,100000,MergeSort,4,1625600
Inverso,100000,MergeSort,4,1212800
Inverso,100000,MergeSort,4,1050300
Inverso,100000,MergeSort,4,1131400
Inverso,100000,MergeSort,4,1131300
Inverso,100000,MergeSort,4,1878200
Inverso,100000,MergeSort,4,1699800
Inverso,100000,MergeSort,4,1610400
Inverso,100000,MergeSort,4,1596600
Inverso,100000,MergeSort,4,1610000
Inverso,100000,MergeSort,4,1600200
Inverso,100000,MergeSort,4,1622300
Inverso,100000,MergeSort,4,1623600
Inverso,100000,MergeSort,4,1658500
Inverso,100000,MergeSort,4,1589700
Inverso,100000,MergeSort,4,1187600
Inverso,100000,MergeSort,4,1274300
Inverso,100000,MergeSort,4,1066100
Inverso,100000,MergeSort,4,1038400
Inverso,100000,MergeSort,4,1001800
Inverso,100000,MergeSort,4,1007000
Inverso,100000,MergeSort,4,987900
Inverso,100000,MergeSort,4,999900
Inverso,100000,MergeSort,4,1151500
Inverso,100000,MergeSort,4,1017100
Inverso,100000,MergeSort,4,1014700
Inverso,100000,MergeSort,4,1009000
Inverso,100000,MergeSort,4,993300
Inverso,100000,MergeSort,4,1009700
Inverso,100000,MergeSort,4,989600
Inverso,100000,MergeSort,4,970200
Inverso,100000,MergeSort,4,998800
Inverso,100000,MergeSort,4,1026200
Inverso,100000,MergeSort,4,1051500
Inverso,100000,MergeSort,4,1155900
Inverso,100000,MergeSort,4,993100
Inverso,100000,MergeSort,4,1730600
Inverso,100000,MergeSort,4,1685500
Inverso,100000,MergeSort,4,1700800
Inverso,100000,MergeSort,4,1669300
Inverso,100000,MergeSort,4,1711600
Inverso,100000,MergeSort,4,1706800
Inverso,100000,MergeSort,4,1691900
Inverso,100000,MergeSort,4,1687400
Inverso,100000,MergeSort,4,1696100
Inverso,100000,MergeSort,4,1684300
Inverso,100000,MergeSort,4,1686100
Inverso,100000,MergeSort,4,1693700
Inverso,100000,MergeSort,4,1723100
Inverso,100000,MergeSort,4,1686800
Inverso,100000,MergeSort,4,1643600
Inverso,100000,MergeSort,4,1680700
Inverso,100000,MergeSort,4,1686000
Inverso,100000,MergeSort,4,1658400
Inverso,100000,MergeSort,4,1692600
Inverso,100000,MergeSort,4,1701400
Inverso,100000,MergeSort,4,1676200
Inverso,100000,MergeSort,4,1659000
Inverso,100000,MergeSort,4,1671800
Inverso,100000,MergeSort,4,1674000
Inverso,100000,MergeSort,4,1669700
Inverso,100000,MergeSort,4,1694200
Inverso,100000,MergeSort,4,1682200
Inverso,100000,MergeSort,4,1649400
Inverso,100000,MergeSort,4,1673000
Inverso,100000,MergeSort,4,1654700
Inverso,100000,MergeSort,4,1695100
Inverso,100000,MergeSort,4,1692000
Inverso,100000,MergeSort,4,1713200
Inverso,100000,MergeSort,4,1696200
Inverso,100000,MergeSort,4,1671600
Inverso,100000,MergeSort,4,1696700
Inverso,100000,MergeSort,4,1982200
Inverso,100000,MergeSort,4,2489100
Inverso,100000,MergeSort,4,1742600
Inverso,100000,MergeSort,4,1653200
Inverso,100000,MergeSort,4,1635200
Inverso,100000,MergeSort,4,1081100
Inverso,100000,MergeSort,4,1046400
Inverso,100000,MergeSort,4,1147300
Inverso,100000,MergeSort,4,998800
Inverso,100000,MergeSort,4,998600
Inverso,100000,MergeSort,4,13810800
Inverso,100000,MergeSort,4,1032500
Inverso,100000,MergeSort,4,985100
Inverso,100000,MergeSort,4,1050500
Inverso,100000,MergeSort,4,1023200
Inverso,100000,MergeSort,4,1095100
Inverso,100000,MergeSort,4,1641900
Inverso,100000,MergeSort,4,1030000
Inverso,100000,MergeSort,4,1009500
Inverso,100000,MergeSort,4,1000200
Inverso,100000,MergeSort,4,983200
Inverso,100000,MergeSort,4,1024400
Inverso,100000,MergeSort,4,1012900
Inverso,100000,MergeSort,4,990100
Inverso,100000,MergeSort,4,1017200
Inverso,100000,MergeSort,4,1019600
Inverso,100000,MergeSort,4,987200
Inverso,100000,MergeSort,4,983600
Inverso,100000,MergeSort,4,985000
Inverso,100000,MergeSort,4,1046600
Inverso,100000,MergeSort,4,1020600
Inverso,100000,MergeSort,4,985600
Inverso,100000,MergeSort,4,1054600
Inverso,100000,MergeSort,4,985500
Inverso,100000,MergeSort,4,1043500
Inverso,100000,MergeSort,4,1069400
Inverso,100000,MergeSort,4,1696400
Inverso,100000,MergeSort,4,1679500
Inverso,100000,MergeSort,4,1856100
Inverso,100000,MergeSort,4,1672800
Inverso,100000,MergeSort,4,1705400
Inverso,100000,MergeSort,4,1670100
Inverso,100000,MergeSort,4,1681000
Inverso,100000,MergeSort,4,1678200
Inverso,100000,MergeSort,4,1651400
Inverso,100000,MergeSort,4,1694400
Inverso,100000,MergeSort,4,1705500
Inverso,100000,MergeSort,4,1696600
Inverso,100000,MergeSort,4,1671100
Inverso,100000,MergeSort,4,1680900
Inverso,100000,MergeSort,4,2334800
Inverso,100000,MergeSort,4,1700100
Inverso,100000,MergeSort,4,1647000
Inverso,100000,MergeSort,4,1677800
Inverso,100000,MergeSort,4,1663900
Inverso,100000,MergeSort,4,1636100
Inverso,100000,MergeSort,4,1661300
Inverso,100000,MergeSort,4,1660500
Inverso,100000,MergeSort,4,1716100
Inverso,100000,MergeSort,4,1663500
Inverso,100000,MergeSort,4,1672300
Inverso,100000,MergeSort,4,1688100
Inverso,100000,MergeSort,4,1691200
Inverso,100000,MergeSort,4,1693800
Inverso,100000,MergeSort,4,1684900
Inverso,100000,MergeSort,4,1681200
Inverso,100000,MergeSort,4,1618200
Inverso,100000,MergeSort,4,1613400
Inverso,100000,MergeSort,4,1623100
Inverso,100000,MergeSort,4,1608100
Inverso,100000,MergeSort,4,1613200
Inverso,100000,MergeSort,4,1641700
Inverso,100000,MergeSort,4,1628500
Inverso,100000,MergeSort,4,1234700
Inverso,100000,MergeSort,4,986900
Inverso,100000,MergeSort,4,993100
Inverso,100000,MergeSort,4,1048000
Inverso,100000,MergeSort,4,1131600
Inverso,100000,MergeSort,4,1043400
Inverso,100000,MergeSort,4,1120300
Inverso,100000,MergeSort,4,999800
Inverso,100000,MergeSort,4,1007500
Inverso,100000,MergeSort,4,1057300
Inverso,100000,MergeSort,4,1176800
Inverso,100000,MergeSort,4,1057000
Inverso,100000,MergeSort,4,984800
Inverso,100000,MergeSort,4,988300
Inverso,100000,MergeSort,4,994100
Inverso,100000,MergeSort,4,1021800
Inverso,100000,MergeSort,4,1012000
Inverso,100000,MergeSort,4,968600
Inverso,100000,MergeSort,4,1104900
Inverso,100000,MergeSort,4,995300
Inverso,100000,MergeSort,4,995700
Inverso,100000,MergeSort,4,1043600
Inverso,100000,MergeSort,4,996800
Inverso,100000,MergeSort,4,1040200
Inverso,100000,MergeSort,4,1020700
Inverso,100000,MergeSort,4,1006300
Inverso,100000,MergeSort,4,1564200
Inverso,100000,MergeSort,4,1027300
Inverso,100000,MergeSort,4,1000300
Inverso,100000,MergeSort,4,1051000
Inverso,100000,MergeSort,4,1075500
Inverso,100000,MergeSort,4,1064300
Inverso,100000,MergeSort,4,996900
Inverso,100000,MergeSort,4,969800
Inverso,100000,MergeSort,4,1037400
Inverso,100000,MergeSort,4,1005800
Inverso,100000,MergeSort,4,992900
Inverso,100000,MergeSort,4,998400
Inverso,100000,MergeSort,4,992300
Inverso,100000,MergeSort,4,995500
Inverso,100000,MergeSort,4,989600
Inverso,100000,MergeSort,4,1229900
Inverso,100000,MergeSort,4,2414500
Inverso,100000,MergeSort,4,1670900
Inverso,100000,MergeSort,4,1663500
Inverso,100000,MergeSort,4,1666200
Inverso,100000,MergeSort,4,1643100
Inverso,100000,MergeSort,4,1678900
Inverso,100000,MergeSort,4,1694600
Inverso,100000,MergeSort,4,1690400
Inverso,100000,MergeSort,4,1683000
Inverso,100000,MergeSort,4,1683900
Inverso,100000,MergeSort,4,1647100
Inverso,100000,MergeSort,4,1667500
Inverso,100000,MergeSort,4,1671500
Inverso,100000,MergeSort,4,1667900
Inverso,100000,MergeSort,4,1645900
Inverso,100000,MergeSort,4,1692000
Inverso,100000,MergeSort,4,1676500
Inverso,100000,MergeSort,4,1693600
Inverso,100000,MergeSort,4,1673300
Inverso,100000,MergeSort,4,1705400
Inverso,100000,MergeSort,4,1687600
Inverso,100000,MergeSort,4,1678800
Inverso,100000,MergeSort,4,1685200
Inverso,100000,MergeSort,4,1693200
Inverso,100000,MergeSort,4,1662800
Inverso,100000,MergeSort,4,1640700
Inverso,100000,MergeSort,4,1695400
Inverso,100000,MergeSort,4,1681800
Inverso,100000,MergeSort,4,1737700
Inverso,100000,MergeSort,4,1680700
Inverso,100000,MergeSort,4,1693400
Inverso,100000,MergeSort,4,1663900
Inverso,100000,MergeSort,4,1704500
Inverso,100000,MergeSort,4,2211400
Inverso,100000,MergeSort,4,1677500
Inverso,100000,MergeSort,4,1630800
Inverso,100000,MergeSort,4,1685200
Inverso,100000,MergeSort,4,1651800
Inverso,100000,MergeSort,4,1071700
Inverso,100000,MergeSort,4,1115800
Inverso,100000,MergeSort,4,998800
Inverso,100000,MergeSort,4,1008600
Inverso,100000,MergeSort,4,1034600
Inverso,100000,MergeSort,4,1042300
Inverso,100000,MergeSort,4,1039000
Inverso,100000,MergeSort,4,1258300
Inverso,100000,MergeSort,4,981800
Inverso,100000,MergeSort,4,1015500
Inverso,100000,MergeSort,4,1000900
Inverso,100000,MergeSort,4,1018700
Inverso,100000,MergeSort,4,989400
Inverso,100000,MergeSort,4,988800
Inverso,100000,MergeSort,4,1000300
Inverso,100000,MergeSort,4,965000
Inverso,100000,MergeSort,4,991700
Inverso,100000,MergeSort,4,994800
Inverso,100000,MergeSort,4,970400
Inverso,100000,MergeSort,4,1069900
Inverso,100000,MergeSort,4,994100
Inverso,100000,MergeSort,4,981700
Inverso,100000,MergeSort,4,976700
Inverso,100000,MergeSort,4,1016900
Inverso,100000,MergeSort,4,1003900
Inverso,100000,MergeSort,4,1016100
Inverso,100000,MergeSort,4,1031200
Inverso,100000,MergeSort,4,990900
Inverso,100000,MergeSort,4,972500
Inverso,100000,MergeSort,4,989200
Inverso,100000,MergeSort,4,971400
