Ordenado,100000,OddEvenSort,0,33900
Ordenado,100000,OddEvenSort,0,31200
Ordenado,100000,OddEvenSort,0,30600
Ordenado,100000,OddEvenSort,0,31400
Ordenado,100000,OddEvenSort,0,32500
Ordenado,100000,OddEvenSort,0,30600
Ordenado,100000,OddEvenSort,0,31400
Ordenado,100000,OddEvenSort,0,30500
Ordenado,100000,OddEvenSort,0,31600
Ordenado,100000,OddEvenSort,0,52800
Ordenado,100000,OddEvenSort,0,31000
Ordenado,100000,OddEvenSort,0,30000
Ordenado,100000,OddEvenSort,0,30400
Ordenado,100000,OddEvenSort,0,30300
Ordenado,100000,OddEvenSort,0,30400
Ordenado,100000,OddEvenSort,0,32500
Ordenado,100000,OddEvenSort,0,30400
Ordenado,100000,OddEvenSort,0,30600
Ordenado,100000,OddEvenSort,0,30600
Ordenado,100000,OddEvenSort,0,31900
Ordenado,100000,OddEvenSort,0,29700
Ordenado,100000,OddEvenSort,0,30000
Ordenado,100000,OddEvenSort,0,30000
Ordenado,100000,OddEvenSort,0,30300
Ordenado,100000,OddEvenSort,0,30200
Ordenado,100000,OddEvenSort,0,64600
Ordenado,100000,OddEvenSort,0,31400
Ordenado,100000,OddEvenSort,0,30700
Ordenado,100000,OddEvenSort,0,30100
Ordenado,100000,OddEvenSort,0,30500
Ordenado,100000,OddEvenSort,0,30300
Ordenado,100000,OddEvenSort,0,30500
Ordenado,100000,OddEvenSort,0,30000
Ordenado,100000,OddEvenSort,0,29800
Ordenado,100000,OddEvenSort,0,29800
Ordenado,100000,OddEvenSort,0,30000
Ordenado,100000,OddEvenSort,0,29900
Ordenado,100000,OddEvenSort,0,29700
Ordenado,100000,OddEvenSort,0,29700
Ordenado,100000,OddEvenSort,0,30500
Ordenado,100000,OddEvenSort,0,30300
Ordenado,100000,OddEvenSort,0,30300
Ordenado,100000,OddEvenSort,0,30700
Ordenado,100000,OddEvenSort,0,29800
Ordenado,100000,OddEvenSort,0,29900
Ordenado,100000,OddEvenSort,0,30000
Ordenado,100000,OddEvenSort,0,29800
Ordenado,100000,OddEvenSort,0,30100
Ordenado,100000,OddEvenSort,0,30000
Ordenado,100000,OddEvenSort,0,31100
Ordenado,100000,OddEvenSort,0,30300
Ordenado,100000,OddEvenSort,0,30000
Ordenado,100000,OddEvenSort,0,30300
Ordenado,100000,OddEvenSort,0,29800
Ordenado,100000,OddEvenSort,0,29900
Ordenado,100000,OddEvenSort,0,30000
Ordenado,100000,OddEvenSort,0,29700
Ordenado,100000,OddEvenSort,0,29700
Ordenado,100000,OddEvenSort,0,30000
Ordenado,100000,OddEvenSort,0,39400
Ordenado,100000,OddEvenSort,0,30500
Ordenado,100000,OddEvenSort,0,29900
Ordenado,100000,OddEvenSort,0,30100
Ordenado,100000,OddEvenSort,0,29800
Ordenado,100000,OddEvenSort,0,29800
Ordenado,100000,OddEvenSort,0,29700
Ordenado,100000,OddEvenSort,0,29800
Ordenado,100000,OddEvenSort,0,30800
Ordenado,100000,OddEvenSort,0,29700
Ordenado,100000,OddEvenSort,0,34500
Ordenado,100000,OddEvenSort,0,29900
Ordenado,100000,OddEvenSort,0,29700
Ordenado,100000,OddEvenSort,0,29800
Ordenado,100000,OddEvenSort,0,29800
Ordenado,100000,OddEvenSort,0,29800
Ordenado,100000,OddEvenSort,0,30200
Ordenado,100000,OddEvenSort,0,29900
Ordenado,100000,OddEvenSort,0,29800
Ordenado,100000,OddEvenSort,0,29700
Ordenado,100000,OddEvenSort,0,29800
Ordenado,100000,OddEvenSort,0,29700
Ordenado,100000,OddEvenSort,0,29700
Ordenado,100000,OddEvenSort,0,29800
Ordenado,100000,OddEvenSort,0,30500
Ordenado,100000,OddEvenSort,0,30000
Ordenado,100000,OddEvenSort,0,30200
Ordenado,100000,OddEvenSort,0,30000
Ordenado,100000,OddEvenSort,0,29900
Ordenado,100000,OddEvenSort,0,30000
Ordenado,100000,OddEvenSort,0,29800
Ordenado,100000,OddEvenSort,0,29900
Ordenado,100000,OddEvenSort,0,30400
Ordenado,100000,OddEvenSort,0,30200
Ordenado,100000,OddEvenSort,0,30000
Ordenado,100000,OddEvenSort,0,29800
Ordenado,100000,OddEvenSort,0,29800
Ordenado,100000,OddEvenSort,0,30100
Ordenado,100000,OddEvenSort,0,30100
Ordenado,100000,OddEvenSort,0,29800
Ordenado,100000,OddEvenSort,0,30500
Ordenado,100000,OddEvenSort,0,29700
Ordenado,100000,OddEvenSort,0,29800
Ordenado,100000,OddEvenSort,0,29800
Ordenado,100000,OddEvenSort,0,30300
Ordenado,100000,OddEvenSort,0,30100
Ordenado,100000,OddEvenSort,0,30400
Ordenado,100000,OddEvenSort,0,29900
Ordenado,100000,OddEvenSort,0,30100
Ordenado,100000,OddEvenSort,0,29800
Ordenado,100000,OddEvenSort,0,30100
Ordenado,100000,OddEvenSort,0,31600
Ordenado,100000,OddEvenSort,0,29800
Ordenado,100000,OddEvenSort,0,30000
Ordenado,100000,OddEvenSort,0,30300
Ordenado,100000,OddEvenSort,0,29800
Ordenado,100000,OddEvenSort,0,29800
Ordenado,100000,OddEvenSort,0,29900
Ordenado,100000,OddEvenSort,0,30000
Ordenado,100000,OddEvenSort,0,30100
Ordenado,100000,OddEvenSort,0,29800
Ordenado,100000,OddEvenSort,0,29900
Ordenado,100000,OddEvenSort,0,30300
Ordenado,100000,OddEvenSort,0,29900
Ordenado,100000,OddEvenSort,0,29900
Ordenado,100000,OddEvenSort,0,29900
Ordenado,100000,OddEvenSort,0,29800
Ordenado,100000,OddEvenSort,0,29700
Ordenado,100000,OddEvenSort,0,31100
Ordenado,100000,OddEvenSort,0,32400
Ordenado,100000,OddEvenSort,0,36900
Ordenado,100000,OddEvenSort,0,37500
Ordenado,100000,OddEvenSort,0,29900
Ordenado,100000,OddEvenSort,0,30100
Ordenado,100000,OddEvenSort,0,33600
Ordenado,100000,OddEvenSort,0,33600
Ordenado,100000,OddEvenSort,0,30300
Ordenado,100000,OddEvenSort,0,30700
Ordenado,100000,OddEvenSort,0,31600
Ordenado,100000,OddEvenSort,0,29800
Ordenado,100000,OddEvenSort,0,30100
Ordenado,100000,OddEvenSort,0,29700
Ordenado,100000,OddEvenSort,0,30400
Ordenado,100000,OddEvenSort,0,30000
Ordenado,100000,OddEvenSort,0,29800
Ordenado,100000,OddEvenSort,0,29900
Ordenado,100000,OddEvenSort,0,29800
Ordenado,100000,OddEvenSort,0,30000
Ordenado,100000,OddEvenSort,0,30000
Ordenado,100000,OddEvenSort,0,30100
Ordenado,100000,OddEvenSort,0,30100
Ordenado,100000,OddEvenSort,0,29900
Ordenado,100000,OddEvenSort,0,29900
Ordenado,100000,OddEvenSort,0,30500
Ordenado,100000,OddEvenSort,0,29700
Ordenado,100000,OddEvenSort,0,29800
Ordenado,100000,OddEvenSort,0,29700
Ordenado,100000,OddEvenSort,0,30400
Ordenado,100000,OddEvenSort,0,29900
Ordenado,100000,OddEvenSort,0,29800
Ordenado,100000,OddEvenSort,0,31400
Ordenado,100000,OddEvenSort,0,30400
Ordenado,100000,OddEvenSort,0,30200
Ordenado,100000,OddEvenSort,0,30100
Ordenado,100000,OddEvenSort,0,30200
Ordenado,100000,OddEvenSort,0,29700
Ordenado,100000,OddEvenSort,0,29800
Ordenado,100000,OddEvenSort,0,29700
Ordenado,100000,OddEvenSort,0,30100
Ordenado,100000,OddEvenSort,0,32300
Ordenado,100000,OddEvenSort,0,30400
Ordenado,100000,OddEvenSort,0,31400
Ordenado,100000,OddEvenSort,0,31700
Ordenado,100000,OddEvenSort,0,36900
Ordenado,100000,OddEvenSort,0,33900
Ordenado,100000,OddEvenSort,0,35200
Ordenado,100000,OddEvenSort,0,34400
Ordenado,100000,OddEvenSort,0,34500
Ordenado,100000,OddEvenSort,0,36100
Ordenado,100000,OddEvenSort,0,36400
Ordenado,100000,OddEvenSort,0,34700
Ordenado,100000,OddEvenSort,0,33600
Ordenado,100000,OddEvenSort,0,34300
Ordenado,100000,OddEvenSort,0,37800
Ordenado,100000,OddEvenSort,0,39600
Ordenado,100000,OddEvenSort,0,34900
Ordenado,100000,OddEvenSort,0,55100
Ordenado,100000,OddEvenSort,0,41000
Ordenado,100000,OddEvenSort,0,39500
Ordenado,100000,OddEvenSort,0,39600
Ordenado,100000,OddEvenSort,0,36600
Ordenado,100000,OddEvenSort,0,41800
Ordenado,100000,OddEvenSort,0,32700
Ordenado,100000,OddEvenSort,0,35800
Ordenado,100000,OddEvenSort,0,35300
Ordenado,100000,OddEvenSort,0,50900
Ordenado,100000,OddEvenSort,0,30600
Ordenado,100000,OddEvenSort,0,31000
Ordenado,100000,OddEvenSort,0,31200
Ordenado,100000,OddEvenSort,0,31100
Ordenado,100000,OddEvenSort,0,31000
Ordenado,100000,OddEvenSort,0,31400
Ordenado,100000,OddEvenSort,0,32100
Ordenado,100000,OddEvenSort,0,32800
Ordenado,100000,OddEvenSort,0,32200
Ordenado,100000,OddEvenSort,0,31200
Ordenado,100000,OddEvenSort,0,32500
Ordenado,100000,OddEvenSort,0,30300
Ordenado,100000,OddEvenSort,0,31000
Ordenado,100000,OddEvenSort,0,30200
Ordenado,100000,OddEvenSort,0,30300
Ordenado,100000,OddEvenSort,0,34100
Ordenado,100000,OddEvenSort,0,30100
Ordenado,100000,OddEvenSort,0,30300
Ordenado,100000,OddEvenSort,0,29800
Ordenado,100000,OddEvenSort,0,30000
Ordenado,100000,OddEvenSort,0,29700
Ordenado,100000,OddEvenSort,0,29700
Ordenado,100000,OddEvenSort,0,30000
Ordenado,100000,OddEvenSort,0,31300
Ordenado,100000,OddEvenSort,0,33500
Ordenado,100000,OddEvenSort,0,31500
Ordenado,100000,OddEvenSort,0,29800
Ordenado,100000,OddEvenSort,0,30300
Ordenado,100000,OddEvenSort,0,30000
Ordenado,100000,OddEvenSort,0,29900
Ordenado,100000,OddEvenSort,0,29900
Ordenado,100000,OddEvenSort,0,30000
Ordenado,100000,OddEvenSort,0,29900
Ordenado,100000,OddEvenSort,0,30800
Ordenado,100000,OddEvenSort,0,29900
Ordenado,100000,OddEvenSort,0,31900
Ordenado,100000,OddEvenSort,0,29900
Ordenado,100000,OddEvenSort,0,30200
Ordenado,100000,OddEvenSort,0,30100
Ordenado,100000,OddEvenSort,0,30500
Ordenado,100000,OddEvenSort,0,30100
Ordenado,100000,OddEvenSort,0,29800
Ordenado,100000,OddEvenSort,0,30100
Ordenado,100000,OddEvenSort,0,29600
Ordenado,100000,OddEvenSort,0,30200
Ordenado,100000,OddEvenSort,0,29800
Ordenado,100000,OddEvenSort,0,31300
Ordenado,100000,OddEvenSort,0,30200
Ordenado,100000,OddEvenSort,0,29800
Ordenado,100000,OddEvenSort,0,29800
Ordenado,100000,OddEvenSort,0,29800
Ordenado,100000,OddEvenSort,0,30700
Ordenado,100000,OddEvenSort,0,30100
Ordenado,100000,OddEvenSort,0,29700
Ordenado,100000,OddEvenSort,0,29900
Ordenado,100000,OddEvenSort,0,29700
Ordenado,100000,OddEvenSort,0,30000
Ordenado,100000,OddEvenSort,0,29800
Ordenado,100000,OddEvenSort,0,30000
Ordenado,100000,OddEvenSort,0,29800
Ordenado,100000,OddEvenSort,0,29700
Ordenado,100000,OddEvenSort,0,30200
Ordenado,100000,OddEvenSort,0,30400
Ordenado,100000,OddEvenSort,0,30100
Ordenado,100000,OddEvenSort,0,29800
Ordenado,100000,OddEvenSort,0,30000
Ordenado,100000,OddEvenSort,0,30800
Ordenado,100000,OddEvenSort,0,29900
Ordenado,100000,OddEvenSort,0,29700
Ordenado,100000,OddEvenSort,0,30200
Ordenado,100000,OddEvenSort,0,30000
Ordenado,100000,OddEvenSort,0,30100
Ordenado,100000,OddEvenSort,0,29900
Ordenado,100000,OddEvenSort,0,30000
Ordenado,100000,OddEvenSort,0,30000
Ordenado,100000,OddEvenSort,0,30100
Ordenado,100000,OddEvenSort,0,30300
Ordenado,100000,OddEvenSort,0,29800
Ordenado,100000,OddEvenSort,0,30000
Ordenado,100000,OddEvenSort,0,29800
Ordenado,100000,OddEvenSort,0,29900
Ordenado,100000,OddEvenSort,0,30800
Ordenado,100000,OddEvenSort,0,30000
Ordenado,100000,OddEvenSort,0,30100
Ordenado,100000,OddEvenSort,0,30400
Ordenado,100000,OddEvenSort,0,30500
Ordenado,100000,OddEvenSort,0,31300
Ordenado,100000,OddEvenSort,0,30200
Ordenado,100000,OddEvenSort,0,30200
Ordenado,100000,OddEvenSort,0,30100
Ordenado,100000,OddEvenSort,0,29800
Ordenado,100000,OddEvenSort,0,30100
Ordenado,100000,OddEvenSort,0,29900
Ordenado,100000,OddEvenSort,0,29900
Ordenado,100000,OddEvenSort,0,29800
Ordenado,100000,OddEvenSort,0,29800
Ordenado,100000,OddEvenSort,0,30200
Ordenado,100000,OddEvenSort,0,29700
Ordenado,100000,OddEvenSort,0,30800
Ordenado,100000,OddEvenSort,0,29900
Ordenado,100000,OddEvenSort,0,29900
Ordenado,100000,OddEvenSort,0,29900
Ordenado,100000,OddEvenSort,0,30600
Ordenado,100000,OddEvenSort,0,30000
Ordenado,100000,OddEvenSort,0,29900
Ordenado,100000,OddEvenSort,0,29800
Ordenado,100000,OddEvenSort,0,30900
Ordenado,100000,OddEvenSort,0,30400
Ordenado,100000,OddEvenSort,0,31000
Ordenado,100000,OddEvenSort,0,29800
Ordenado,100000,OddEvenSort,0,29900
Ordenado,100000,OddEvenSort,0,29800
Ordenado,100000,OddEvenSort,0,30000
Ordenado,100000,OddEvenSort,0,30100
Ordenado,100000,OddEvenSort,0,30600
Ordenado,100000,OddEvenSort,0,35700
Ordenado,100000,OddEvenSort,0,30300
Ordenado,100000,OddEvenSort,0,29800
Ordenado,100000,OddEvenSort,0,29900
Ordenado,100000,OddEvenSort,0,29900
Ordenado,100000,OddEvenSort,0,30000
Ordenado,100000,OddEvenSort,0,30000
Ordenado,100000,OddEvenSort,0,29900
Ordenado,100000,OddEvenSort,0,31700
Ordenado,100000,OddEvenSort,0,31100
Ordenado,100000,OddEvenSort,0,31500
Ordenado,100000,OddEvenSort,0,30600
Ordenado,100000,OddEvenSort,0,30600
Ordenado,100000,OddEvenSort,0,29800
Ordenado,100000,OddEvenSort,0,29900
Ordenado,100000,OddEvenSort,0,29900
Ordenado,100000,OddEvenSort,0,30300
Ordenado,100000,OddEvenSort,0,30000
Ordenado,100000,OddEvenSort,0,30200
Ordenado,100000,OddEvenSort,0,30100
Ordenado,100000,OddEvenSort,0,30500
Ordenado,100000,OddEvenSort,0,29900
Ordenado,100000,OddEvenSort,0,29900
Ordenado,100000,OddEvenSort,0,30300
Ordenado,100000,OddEvenSort,0,30500
Ordenado,100000,OddEvenSort,0,30100
Ordenado,100000,OddEvenSort,0,30200
Ordenado,100000,OddEvenSort,0,30200
Ordenado,100000,OddEvenSort,0,29700
Ordenado,100000,OddEvenSort,0,29800
Ordenado,100000,OddEvenSort,0,34500
Ordenado,100000,OddEvenSort,0,29900
Ordenado,100000,OddEvenSort,0,30200
Ordenado,100000,OddEvenSort,0,30200
Ordenado,100000,OddEvenSort,0,30700
Ordenado,100000,OddEvenSort,0,30400
Ordenado,100000,OddEvenSort,0,32200
Ordenado,100000,OddEvenSort,0,31200
Ordenado,100000,OddEvenSort,0,30300
Ordenado,100000,OddEvenSort,0,30200
Ordenado,100000,OddEvenSort,0,68700
Ordenado,100000,OddEvenSort,0,31100
Ordenado,100000,OddEvenSort,0,29800
Ordenado,100000,OddEvenSort,0,30500
Ordenado,100000,OddEvenSort,0,30900
Ordenado,100000,OddEvenSort,0,30000
Ordenado,100000,OddEvenSort,0,31200
Ordenado,100000,OddEvenSort,0,30100
Ordenado,100000,OddEvenSort,0,30600
Ordenado,100000,OddEvenSort,0,30300
Ordenado,100000,OddEvenSort,0,30200
Ordenado,100000,OddEvenSort,0,29800
Ordenado,100000,OddEvenSort,0,31200
Ordenado,100000,OddEvenSort,0,31200
Ordenado,100000,OddEvenSort,0,30100
Ordenado,100000,OddEvenSort,0,30200
Ordenado,100000,OddEvenSort,0,29700
Ordenado,100000,OddEvenSort,0,29800
Ordenado,100000,OddEvenSort,0,29700
Ordenado,100000,OddEvenSort,0,29900
Ordenado,100000,OddEvenSort,0,29800
Ordenado,100000,OddEvenSort,0,29800
Ordenado,100000,OddEvenSort,0,31000
Ordenado,100000,OddEvenSort,0,30400
Ordenado,100000,OddEvenSort,0,30000
Ordenado,100000,OddEvenSort,0,30000
Ordenado,100000,OddEvenSort,0,30400
Ordenado,100000,OddEvenSort,0,30300
Ordenado,100000,OddEvenSort,0,30300
Ordenado,100000,OddEvenSort,0,29800
Ordenado,100000,OddEvenSort,0,32600
Ordenado,100000,OddEvenSort,0,30600
Ordenado,100000,OddEvenSort,0,29900
Ordenado,100000,OddEvenSort,0,30200
Ordenado,100000,OddEvenSort,0,30500
Ordenado,100000,OddEvenSort,0,29800
Ordenado,100000,OddEvenSort,0,29800
Ordenado,100000,OddEvenSort,0,30100
Ordenado,100000,OddEvenSort,0,29800
Ordenado,100000,OddEvenSort,0,30000
Ordenado,100000,OddEvenSort,0,31000
Ordenado,100000,OddEvenSort,0,30300
Ordenado,100000,OddEvenSort,0,30400
Ordenado,100000,OddEvenSort,0,29700
Ordenado,100000,OddEvenSort,0,30200
Ordenado,100000,OddEvenSort,0,29800
Ordenado,100000,OddEvenSort,0,29700
Ordenado,100000,OddEvenSort,0,29900
Ordenado,100000,OddEvenSort,0,30200
Ordenado,100000,OddEvenSort,0,30800
Ordenado,100000,OddEvenSort,0,29800
Ordenado,100000,OddEvenSort,0,30600
Ordenado,100000,OddEvenSort,0,30400
Ordenado,100000,OddEvenSort,0,30000
Ordenado,100000,OddEvenSort,0,30000
Ordenado,100000,OddEvenSort,0,29700
Ordenado,100000,OddEvenSort,0,29900
Ordenado,100000,OddEvenSort,0,30800
Ordenado,100000,OddEvenSort,0,29800
Ordenado,100000,OddEvenSort,0,30500
Ordenado,100000,OddEvenSort,0,33300
Ordenado,100000,OddEvenSort,0,30000
Ordenado,100000,OddEvenSort,0,29800
Ordenado,100000,OddEvenSort,0,29800
Ordenado,100000,OddEvenSort,0,29800
Ordenado,100000,OddEvenSort,0,30900
Ordenado,100000,OddEvenSort,0,29900
Ordenado,100000,OddEvenSort,0,29800
Ordenado,100000,OddEvenSort,0,30900
Ordenado,100000,OddEvenSort,0,30200
Ordenado,100000,OddEvenSort,0,31500
Ordenado,100000,OddEvenSort,0,29800
Ordenado,100000,OddEvenSort,0,30100
Ordenado,100000,OddEvenSort,0,29900
Ordenado,100000,OddEvenSort,0,29800
Ordenado,100000,OddEvenSort,0,29800
Ordenado,100000,OddEvenSort,0,29700
Ordenado,100000,OddEvenSort,0,29800
Ordenado,100000,OddEvenSort,0,30600
Ordenado,100000,OddEvenSort,0,30200
Ordenado,100000,OddEvenSort,0,46100
Ordenado,100000,OddEvenSort,0,30300
Ordenado,100000,OddEvenSort,0,31000
Ordenado,100000,OddEvenSort,0,30000
Ordenado,100000,OddEvenSort,0,29900
Ordenado,100000,OddEvenSort,0,30100
Ordenado,100000,OddEvenSort,0,30600
Ordenado,100000,OddEvenSort,0,30100
Ordenado,100000,OddEvenSort,0,30300
Ordenado,100000,OddEvenSort,0,29800
Ordenado,100000,OddEvenSort,0,36100
Ordenado,100000,OddEvenSort,0,30100
Ordenado,100000,OddEvenSort,0,30000
Ordenado,100000,OddEvenSort,0,29800
Ordenado,100000,OddEvenSort,0,30700
Ordenado,100000,OddEvenSort,0,30400
Ordenado,100000,OddEvenSort,0,30200
Ordenado,100000,OddEvenSort,0,30000
Ordenado,100000,OddEvenSort,0,29900
Ordenado,100000,OddEvenSort,0,29800
Ordenado,100000,OddEvenSort,0,34400
Ordenado,100000,OddEvenSort,0,30900
Ordenado,100000,OddEvenSort,0,29800
Ordenado,100000,OddEvenSort,0,30500
Ordenado,100000,OddEvenSort,0,30000
Ordenado,100000,OddEvenSort,0,30000
Ordenado,100000,OddEvenSort,0,29800
Ordenado,100000,OddEvenSort,0,30500
Ordenado,100000,OddEvenSort,0,29800
Ordenado,100000,OddEvenSort,0,30100
Ordenado,100000,OddEvenSort,0,36100
Ordenado,100000,OddEvenSort,0,30200
Ordenado,100000,OddEvenSort,0,30500
Ordenado,100000,OddEvenSort,0,29700
Ordenado,100000,OddEvenSort,0,29800
Ordenado,100000,OddEvenSort,0,30200
Ordenado,100000,OddEvenSort,0,29800
Ordenado,100000,OddEvenSort,0,30600
Ordenado,100000,OddEvenSort,0,29600
Ordenado,100000,OddEvenSort,0,30500
Ordenado,100000,OddEvenSort,0,32100
Ordenado,100000,OddEvenSort,0,30300
Ordenado,100000,OddEvenSort,0,29900
Ordenado,100000,OddEvenSort,0,29700
Ordenado,100000,OddEvenSort,0,30300
Ordenado,100000,OddEvenSort,0,30500
Ordenado,100000,OddEvenSort,0,30800
Ordenado,100000,OddEvenSort,0,30600
Ordenado,100000,OddEvenSort,0,29800
Ordenado,100000,OddEvenSort,0,29700
Ordenado,100000,OddEvenSort,0,29800
Ordenado,100000,OddEvenSort,0,30000
Ordenado,100000,OddEvenSort,0,30000
Ordenado,100000,OddEvenSort,0,30400
Ordenado,100000,OddEvenSort,0,29800
Ordenado,100000,OddEvenSort,0,30100
Ordenado,100000,OddEvenSort,0,30600
Ordenado,100000,OddEvenSort,0,30000
Ordenado,100000,OddEvenSort,0,31200
Ordenado,100000,OddEvenSort,0,30200
Ordenado,100000,OddEvenSort,0,30000
Ordenado,100000,OddEvenSort,0,29800
Ordenado,100000,OddEvenSort,0,29800
Ordenado,100000,OddEvenSort,0,30200
Ordenado,100000,OddEvenSort,0,31100
Ordenado,100000,OddEvenSort,0,29800
Ordenado,100000,OddEvenSort,0,30200
Ordenado,100000,OddEvenSort,0,30000
Ordenado,100000,OddEvenSort,0,30200
Ordenado,100000,OddEvenSort,0,30200
Ordenado,100000,OddEvenSort,0,29800
Ordenado,100000,OddEvenSort,0,31300
Ordenado,100000,OddEvenSort,0,30400
Ordenado,100000,OddEvenSort,0,30500
Ordenado,100000,OddEvenSort,0,29900
Ordenado,100000,OddEvenSort,0,30300
Ordenado,100000,OddEvenSort,0,30300
Ordenado,100000,OddEvenSort,0,30000
Ordenado,100000,OddEvenSort,0,30600
Ordenado,100000,OddEvenSort,0,29900
Ordenado,100000,OddEvenSort,0,30000
Ordenado,100000,OddEvenSort,0,30500
Ordenado,100000,OddEvenSort,0,30300
Ordenado,100000,OddEvenSort,0,30700
Ordenado,100000,OddEvenSort,0,29900
Ordenado,100000,OddEvenSort,0,29800
Ordenado,100000,OddEvenSort,0,29800
Ordenado,100000,OddEvenSort,0,29800
Ordenado,100000,OddEvenSort,0,63000
Ordenado,100000,OddEvenSort,0,31000
Ordenado,100000,OddEvenSort,0,34300
Ordenado,100000,OddEvenSort,0,30100
Ordenado,100000,OddEvenSort,0,30100
Ordenado,100000,OddEvenSort,0,29900
Ordenado,100000,OddEvenSort,0,29800
Ordenado,100000,OddEvenSort,0,31300
Ordenado,100000,OddEvenSort,0,30100
Ordenado,100000,OddEvenSort,0,29800
Ordenado,100000,OddEvenSort,0,30200
Ordenado,100000,OddEvenSort,0,30100
Ordenado,100000,OddEvenSort,0,32900
Ordenado,100000,OddEvenSort,0,30600
Ordenado,100000,OddEvenSort,0,29900
Ordenado,100000,OddEvenSort,0,30000
Ordenado,100000,OddEvenSort,0,30000
Ordenado,100000,OddEvenSort,0,30300
Ordenado,100000,OddEvenSort,0,30500
Ordenado,100000,OddEvenSort,0,29800
Ordenado,100000,OddEvenSort,0,29800
Ordenado,100000,OddEvenSort,0,30100
Ordenado,100000,OddEvenSort,0,30500
Ordenado,100000,OddEvenSort,0,30500
Ordenado,100000,OddEvenSort,0,29900
Ordenado,100000,OddEvenSort,0,30000
Ordenado,100000,OddEvenSort,0,30100
Ordenado,100000,OddEvenSort,0,30200
Ordenado,100000,OddEvenSort,0,31000
Ordenado,100000,OddEvenSort,0,30000
Ordenado,100000,OddEvenSort,0,30000
Ordenado,100000,OddEvenSort,0,30000
Ordenado,100000,OddEvenSort,0,29900
Ordenado,100000,OddEvenSort,0,30900
Ordenado,100000,OddEvenSort,0,30200
Ordenado,100000,OddEvenSort,0,30200
Ordenado,100000,OddEvenSort,0,30000
Ordenado,100000,OddEvenSort,0,30200
Ordenado,100000,OddEvenSort,0,30000
Ordenado,100000,OddEvenSort,0,30400
Ordenado,100000,OddEvenSort,0,29900
Ordenado,100000,OddEvenSort,0,30200
Ordenado,100000,OddEvenSort,0,33200
Ordenado,100000,OddEvenSort,0,31800
Ordenado,100000,OddEvenSort,0,31400
Ordenado,100000,OddEvenSort,0,31500
Ordenado,100000,OddEvenSort,0,32200
Ordenado,100000,OddEvenSort,0,31100
Ordenado,100000,OddEvenSort,0,31300
Ordenado,100000,OddEvenSort,0,31200
Ordenado,100000,OddEvenSort,0,30900
Ordenado,100000,OddEvenSort,0,30800
Ordenado,100000,OddEvenSort,0,40700
Ordenado,100000,OddEvenSort,0,31800
Ordenado,100000,OddEvenSort,0,30600
Ordenado,100000,OddEvenSort,0,30200
Ordenado,100000,OddEvenSort,0,30000
Ordenado,100000,OddEvenSort,0,30300
Ordenado,100000,OddEvenSort,0,30300
Ordenado,100000,OddEvenSort,0,30000
Ordenado,100000,OddEvenSort,0,29800
Ordenado,100000,OddEvenSort,0,30300
Ordenado,100000,OddEvenSort,0,33600
Ordenado,100000,OddEvenSort,0,29900
Ordenado,100000,OddEvenSort,0,30000
Ordenado,100000,OddEvenSort,0,30300
Ordenado,100000,OddEvenSort,0,30100
Ordenado,100000,OddEvenSort,0,30000
Ordenado,100000,OddEvenSort,0,30100
Ordenado,100000,OddEvenSort,0,30000
Ordenado,100000,OddEvenSort,0,30000
Ordenado,100000,OddEvenSort,0,30000
Ordenado,100000,OddEvenSort,0,29700
Ordenado,100000,OddEvenSort,0,30000
Ordenado,100000,OddEvenSort,0,29800
Ordenado,100000,OddEvenSort,0,30500
Ordenado,100000,OddEvenSort,0,30600
Ordenado,100000,OddEvenSort,0,29600
Ordenado,100000,OddEvenSort,0,30200
Ordenado,100000,OddEvenSort,0,30200
Ordenado,100000,OddEvenSort,0,30000
Ordenado,100000,OddEvenSort,0,30000
Ordenado,100000,OddEvenSort,0,30200
Ordenado,100000,OddEvenSort,0,32900
Ordenado,100000,OddEvenSort,0,29900
Ordenado,100000,OddEvenSort,0,30300
Ordenado,100000,OddEvenSort,0,29900
Ordenado,100000,OddEvenSort,0,29900
Ordenado,100000,OddEvenSort,0,30200
Ordenado,100000,OddEvenSort,0,30100
Ordenado,100000,OddEvenSort,0,29800
Ordenado,100000,OddEvenSort,0,30500
Ordenado,100000,OddEvenSort,0,30200
Ordenado,100000,OddEvenSort,0,30300
Ordenado,100000,OddEvenSort,0,30300
Ordenado,100000,OddEvenSort,0,29900
Ordenado,100000,OddEvenSort,0,30100
Ordenado,100000,OddEvenSort,0,30100
Ordenado,100000,OddEvenSort,0,30300
Ordenado,100000,OddEvenSort,0,30300
Ordenado,100000,OddEvenSort,0,30400
Ordenado,100000,OddEvenSort,0,30000
Ordenado,100000,OddEvenSort,0,30000
Ordenado,100000,OddEvenSort,0,30100
Ordenado,100000,OddEvenSort,0,30000
Ordenado,100000,OddEvenSort,0,30200
Ordenado,100000,OddEvenSort,0,29800
Ordenado,100000,OddEvenSort,0,32500
Ordenado,100000,OddEvenSort,0,30000
Ordenado,100000,OddEvenSort,0,31000
Ordenado,100000,OddEvenSort,0,29800
Ordenado,100000,OddEvenSort,0,29800
Ordenado,100000,OddEvenSort,0,30400
Ordenado,100000,OddEvenSort,0,34000
Ordenado,100000,OddEvenSort,0,30200
Ordenado,100000,OddEvenSort,0,30100
Ordenado,100000,OddEvenSort,0,30500
Ordenado,100000,OddEvenSort,0,29700
Ordenado,100000,OddEvenSort,0,30000
Ordenado,100000,OddEvenSort,0,29700
Ordenado,100000,OddEvenSort,0,29700
Ordenado,100000,OddEvenSort,0,29700
Ordenado,100000,OddEvenSort,0,29800
Ordenado,100000,OddEvenSort,0,31300
Ordenado,100000,OddEvenSort,0,29800
Ordenado,100000,OddEvenSort,0,31100
Ordenado,100000,OddEvenSort,0,29900
Ordenado,100000,OddEvenSort,0,29800
Ordenado,100000,OddEvenSort,0,30300
Ordenado,100000,OddEvenSort,0,29900
Ordenado,100000,OddEvenSort,0,30100
Ordenado,100000,OddEvenSort,0,29700
Ordenado,100000,OddEvenSort,0,30500
Ordenado,100000,OddEvenSort,0,34100
Ordenado,100000,OddEvenSort,0,30400
Ordenado,100000,OddEvenSort,0,29700
Ordenado,100000,OddEvenSort,0,30000
Ordenado,100000,OddEvenSort,0,29800
Ordenado,100000,OddEvenSort,0,29900
Ordenado,100000,OddEvenSort,0,29800
Ordenado,100000,OddEvenSort,0,29800
Ordenado,100000,OddEvenSort,0,29900
Ordenado,100000,OddEvenSort,0,30200
Ordenado,100000,OddEvenSort,0,29800
Ordenado,100000,OddEvenSort,0,29900
Ordenado,100000,OddEvenSort,0,30600
Ordenado,100000,OddEvenSort,0,30000
Ordenado,100000,OddEvenSort,0,30600
Ordenado,100000,OddEvenSort,0,29800
Ordenado,100000,OddEvenSort,0,30000
Ordenado,100000,OddEvenSort,0,29600
Ordenado,100000,OddEvenSort,0,30000
Ordenado,100000,OddEvenSort,0,30100
Ordenado,100000,OddEvenSort,0,32000
Ordenado,100000,OddEvenSort,0,30100
Ordenado,100000,OddEvenSort,0,30200
Ordenado,100000,OddEvenSort,0,29700
Ordenado,100000,OddEvenSort,0,30100
Ordenado,100000,OddEvenSort,0,29700
Ordenado,100000,OddEvenSort,0,30100
Ordenado,100000,OddEvenSort,0,31400
Ordenado,100000,OddEvenSort,0,30100
Ordenado,100000,OddEvenSort,0,30500
Ordenado,100000,OddEvenSort,0,30300
Ordenado,100000,OddEvenSort,0,30400
Ordenado,100000,OddEvenSort,0,30000
Ordenado,100000,OddEvenSort,0,30000
Ordenado,100000,OddEvenSort,0,29900
Ordenado,100000,OddEvenSort,0,30700
Ordenado,100000,OddEvenSort,0,30000
Ordenado,100000,OddEvenSort,0,30100
Ordenado,100000,OddEvenSort,0,29700
Ordenado,100000,OddEvenSort,0,29600
Ordenado,100000,OddEvenSort,0,32300
Ordenado,100000,OddEvenSort,0,29700
Ordenado,100000,OddEvenSort,0,29700
Ordenado,100000,OddEvenSort,0,30200
Ordenado,100000,OddEvenSort,0,29900
Ordenado,100000,OddEvenSort,0,30300
Ordenado,100000,OddEvenSort,0,29800
Ordenado,100000,OddEvenSort,0,30500
Ordenado,100000,OddEvenSort,0,29700
Ordenado,100000,OddEvenSort,0,30000
Ordenado,100000,OddEvenSort,0,30100
Ordenado,100000,OddEvenSort,0,30500
Ordenado,100000,OddEvenSort,0,30800
Ordenado,100000,OddEvenSort,0,29800
Ordenado,100000,OddEvenSort,0,29900
Ordenado,100000,OddEvenSort,0,30800
Ordenado,100000,OddEvenSort,0,29900
Ordenado,100000,OddEvenSort,0,29900
Ordenado,100000,OddEvenSort,0,30500
Ordenado,100000,OddEvenSort,0,29800
Ordenado,100000,OddEvenSort,0,55200
Ordenado,100000,OddEvenSort,0,30400
Ordenado,100000,OddEvenSort,0,30600
Ordenado,100000,OddEvenSort,0,30000
Ordenado,100000,OddEvenSort,0,30000
Ordenado,100000,OddEvenSort,0,31200
Ordenado,100000,OddEvenSort,0,30000
Ordenado,100000,OddEvenSort,0,30800
Ordenado,100000,OddEvenSort,0,30200
Ordenado,100000,OddEvenSort,0,29800
Ordenado,100000,OddEvenSort,0,34100
Ordenado,100000,OddEvenSort,0,30300
Ordenado,100000,OddEvenSort,0,30100
Ordenado,100000,OddEvenSort,0,30500
Ordenado,100000,OddEvenSort,0,29700
Ordenado,100000,OddEvenSort,0,30100
Ordenado,100000,OddEvenSort,0,30300
Ordenado,100000,OddEvenSort,0,29800
Ordenado,100000,OddEvenSort,0,30800
Ordenado,100000,OddEvenSort,0,30400
Ordenado,100000,OddEvenSort,0,32700
Ordenado,100000,OddEvenSort,0,30500
Ordenado,100000,OddEvenSort,0,30200
Ordenado,100000,OddEvenSort,0,30000
Ordenado,100000,OddEvenSort,0,30200
Ordenado,100000,OddEvenSort,0,30100
Ordenado,100000,OddEvenSort,0,29900
Ordenado,100000,OddEvenSort,0,30400
Ordenado,100000,OddEvenSort,0,30200
Ordenado,100000,OddEvenSort,0,30300
Ordenado,100000,OddEvenSort,0,29900
Ordenado,100000,OddEvenSort,0,30100
Ordenado,100000,OddEvenSort,0,29900
Ordenado,100000,OddEvenSort,0,30200
Ordenado,100000,OddEvenSort,0,30400
Ordenado,100000,OddEvenSort,0,29700
Ordenado,100000,OddEvenSort,0,29800
Ordenado,100000,OddEvenSort,0,30000
Ordenado,100000,OddEvenSort,0,30400
Ordenado,100000,OddEvenSort,0,30500
Ordenado,100000,OddEvenSort,0,29700
Ordenado,100000,OddEvenSort,0,31500
Ordenado,100000,OddEvenSort,0,30700
Ordenado,100000,OddEvenSort,0,29900
Ordenado,100000,OddEvenSort,0,29900
Ordenado,100000,OddEvenSort,0,29900
Ordenado,100000,OddEvenSort,0,29900
Ordenado,100000,OddEvenSort,0,30400
Ordenado,100000,OddEvenSort,0,30700
Ordenado,100000,OddEvenSort,0,30000
Ordenado,100000,OddEvenSort,0,30000
Ordenado,100000,OddEvenSort,0,29800
Ordenado,100000,OddEvenSort,0,30400
Ordenado,100000,OddEvenSort,0,30800
Ordenado,100000,OddEvenSort,0,29900
Ordenado,100000,OddEvenSort,0,30400
Ordenado,100000,OddEvenSort,0,30100
Ordenado,100000,OddEvenSort,0,30200
Ordenado,100000,OddEvenSort,0,30100
Ordenado,100000,OddEvenSort,0,29700
Ordenado,100000,OddEvenSort,0,30600
Ordenado,100000,OddEvenSort,0,31900
Ordenado,100000,OddEvenSort,0,30100
Ordenado,100000,OddEvenSort,0,30000
Ordenado,100000,OddEvenSort,0,30500
Ordenado,100000,OddEvenSort,0,30200
Ordenado,100000,OddEvenSort,0,30200
Ordenado,100000,OddEvenSort,0,30200
Ordenado,100000,OddEvenSort,0,29800
Ordenado,100000,OddEvenSort,0,30400
Ordenado,100000,OddEvenSort,0,35000
Ordenado,100000,OddEvenSort,0,29900
Ordenado,100000,OddEvenSort,0,30100
Ordenado,100000,OddEvenSort,0,30500
Ordenado,100000,OddEvenSort,0,29900
Ordenado,100000,OddEvenSort,0,30300
Ordenado,100000,OddEvenSort,0,29900
Ordenado,100000,OddEvenSort,0,29900
Ordenado,100000,OddEvenSort,0,30100
Ordenado,100000,OddEvenSort,0,31400
Ordenado,100000,OddEvenSort,0,30000
Ordenado,100000,OddEvenSort,0,32100
Ordenado,100000,OddEvenSort,0,30600
Ordenado,100000,OddEvenSort,0,30000
Ordenado,100000,OddEvenSort,0,30000
Ordenado,100000,OddEvenSort,0,30200
Ordenado,100000,OddEvenSort,0,30200
Ordenado,100000,OddEvenSort,0,30400
Ordenado,100000,OddEvenSort,0,30100
Ordenado,100000,OddEvenSort,0,29800
Ordenado,100000,OddEvenSort,0,34800
Ordenado,100000,OddEvenSort,0,30800
Ordenado,100000,OddEvenSort,0,29800
Ordenado,100000,OddEvenSort,0,30000
Ordenado,100000,OddEvenSort,0,30000
Ordenado,100000,OddEvenSort,0,30000
Ordenado,100000,OddEvenSort,0,30000
Ordenado,100000,OddEvenSort,0,29900
Ordenado,100000,OddEvenSort,0,29800
Ordenado,100000,OddEvenSort,0,30500
Ordenado,100000,OddEvenSort,0,32000
Ordenado,100000,OddEvenSort,0,29700
Ordenado,100000,OddEvenSort,0,29900
Ordenado,100000,OddEvenSort,0,30300
Ordenado,100000,OddEvenSort,0,30000
Ordenado,100000,OddEvenSort,0,29800
Ordenado,100000,OddEvenSort,0,30000
Ordenado,100000,OddEvenSort,0,30000
Ordenado,100000,OddEvenSort,0,29800
Ordenado,100000,OddEvenSort,0,30500
Ordenado,100000,OddEvenSort,0,29700
Ordenado,100000,OddEvenSort,0,30200
Ordenado,100000,OddEvenSort,0,29900
Ordenado,100000,OddEvenSort,0,29900
Ordenado,100000,OddEvenSort,0,30100
Ordenado,100000,OddEvenSort,0,30800
Ordenado,100000,OddEvenSort,0,30200
Ordenado,100000,OddEvenSort,0,29700
Ordenado,100000,OddEvenSort,0,30100
Ordenado,100000,OddEvenSort,0,30200
Ordenado,100000,OddEvenSort,0,30000
Ordenado,100000,OddEvenSort,0,30100
Ordenado,100000,OddEvenSort,0,30100
Ordenado,100000,OddEvenSort,0,30100
Ordenado,100000,OddEvenSort,0,30900
Ordenado,100000,OddEvenSort,0,29900
Ordenado,100000,OddEvenSort,0,29900
Ordenado,100000,OddEvenSort,0,30000
Ordenado,100000,OddEvenSort,0,30400
Ordenado,100000,OddEvenSort,0,30100
Ordenado,100000,OddEvenSort,0,29800
Ordenado,100000,OddEvenSort,0,32900
Ordenado,100000,OddEvenSort,0,31700
Ordenado,100000,OddEvenSort,0,30100
Ordenado,100000,OddEvenSort,0,29900
Ordenado,100000,OddEvenSort,0,30500
Ordenado,100000,OddEvenSort,0,30100
Ordenado,100000,OddEvenSort,0,30500
Ordenado,100000,OddEvenSort,0,30400
Ordenado,100000,OddEvenSort,0,30700
Ordenado,100000,OddEvenSort,0,31300
Ordenado,100000,OddEvenSort,0,30600
Ordenado,100000,OddEvenSort,0,30500
Ordenado,100000,OddEvenSort,0,29700
Ordenado,100000,OddEvenSort,0,29900
Ordenado,100000,OddEvenSort,0,29700
Ordenado,100000,OddEvenSort,0,29900
Ordenado,100000,OddEvenSort,0,30200
Ordenado,100000,OddEvenSort,0,29900
Ordenado,100000,OddEvenSort,0,29900
Ordenado,100000,OddEvenSort,0,29700
Ordenado,100000,OddEvenSort,0,31700
Ordenado,100000,OddEvenSort,0,30600
Ordenado,100000,OddEvenSort,0,31700
Ordenado,100000,OddEvenSort,0,35100
Ordenado,100000,OddEvenSort,0,32400
Ordenado,100000,OddEvenSort,0,31200
Ordenado,100000,OddEvenSort,0,30600
Ordenado,100000,OddEvenSort,0,32000
Ordenado,100000,OddEvenSort,0,30800
Ordenado,100000,OddEvenSort,0,30300
Ordenado,100000,OddEvenSort,0,30600
Ordenado,100000,OddEvenSort,0,31100
Ordenado,100000,OddEvenSort,0,30500
Ordenado,100000,OddEvenSort,0,30900
Ordenado,100000,OddEvenSort,0,30800
Ordenado,100000,OddEvenSort,0,31300
Ordenado,100000,OddEvenSort,0,31600
Ordenado,100000,OddEvenSort,0,30500
Ordenado,100000,OddEvenSort,0,31400
Ordenado,100000,OddEvenSort,0,34100
Ordenado,100000,OddEvenSort,0,31600
Ordenado,100000,OddEvenSort,0,32900
Ordenado,100000,OddEvenSort,0,31700
Ordenado,100000,OddEvenSort,0,32300
Ordenado,100000,OddEvenSort,0,32100
Ordenado,100000,OddEvenSort,0,31900
Ordenado,100000,OddEvenSort,0,30900
Ordenado,100000,OddEvenSort,0,31400
Ordenado,100000,OddEvenSort,0,30900
Ordenado,100000,OddEvenSort,0,33300
Ordenado,100000,OddEvenSort,0,30800
Ordenado,100000,OddEvenSort,0,31100
Ordenado,100000,OddEvenSort,0,31200
Ordenado,100000,OddEvenSort,0,30800
Ordenado,100000,OddEvenSort,0,32900
Ordenado,100000,OddEvenSort,0,30500
Ordenado,100000,OddEvenSort,0,30800
Ordenado,100000,OddEvenSort,0,29900
Ordenado,100000,OddEvenSort,0,30100
Ordenado,100000,OddEvenSort,0,31200
Ordenado,100000,OddEvenSort,0,31000
Ordenado,100000,OddEvenSort,0,30000
Ordenado,100000,OddEvenSort,0,31800
Ordenado,100000,OddEvenSort,0,30300
Ordenado,100000,OddEvenSort,0,30400
Ordenado,100000,OddEvenSort,0,29900
Ordenado,100000,OddEvenSort,0,30200
Ordenado,100000,OddEvenSort,0,30200
Ordenado,100000,OddEvenSort,0,30000
Ordenado,100000,OddEvenSort,0,30400
Ordenado,100000,OddEvenSort,0,30100
Ordenado,100000,OddEvenSort,0,30500
Ordenado,100000,OddEvenSort,0,30100
Ordenado,100000,OddEvenSort,0,30500
Ordenado,100000,OddEvenSort,0,30700
Ordenado,100000,OddEvenSort,0,30200
Ordenado,100000,OddEvenSort,0,30100
Ordenado,100000,OddEvenSort,0,29800
Ordenado,100000,OddEvenSort,0,31400
Ordenado,100000,OddEvenSort,0,35000
Ordenado,100000,OddEvenSort,0,32900
Ordenado,100000,OddEvenSort,0,31200
Ordenado,100000,OddEvenSort,0,32800
Ordenado,100000,OddEvenSort,0,30800
Ordenado,100000,OddEvenSort,0,30000
Ordenado,100000,OddEvenSort,0,30700
Ordenado,100000,OddEvenSort,0,32700
Ordenado,100000,OddEvenSort,0,30200
Ordenado,100000,OddEvenSort,0,30100
Ordenado,100000,OddEvenSort,0,31200
Ordenado,100000,OddEvenSort,0,30100
Ordenado,100000,OddEvenSort,0,30600
Ordenado,100000,OddEvenSort,0,30100
Ordenado,100000,OddEvenSort,0,29900
Ordenado,100000,OddEvenSort,0,30300
Ordenado,100000,OddEvenSort,0,30500
Ordenado,100000,OddEvenSort,0,30200
Ordenado,100000,OddEvenSort,0,29900
Ordenado,100000,OddEvenSort,0,30700
Ordenado,100000,OddEvenSort,0,41200
Ordenado,100000,OddEvenSort,0,31800
Ordenado,100000,OddEvenSort,0,30600
Ordenado,100000,OddEvenSort,0,30200
Ordenado,100000,OddEvenSort,0,30100
Ordenado,100000,OddEvenSort,0,30200
Ordenado,100000,OddEvenSort,0,30300
Ordenado,100000,OddEvenSort,0,30500
Ordenado,100000,OddEvenSort,0,30200
Ordenado,100000,OddEvenSort,0,30300
Ordenado,100000,OddEvenSort,0,43300
Ordenado,100000,OddEvenSort,0,32100
Ordenado,100000,OddEvenSort,0,30700
Ordenado,100000,OddEvenSort,0,30500
Ordenado,100000,OddEvenSort,0,30400
Ordenado,100000,OddEvenSort,0,30400
Ordenado,100000,OddEvenSort,0,30500
Ordenado,100000,OddEvenSort,0,30400
Ordenado,100000,OddEvenSort,0,30100
Ordenado,100000,OddEvenSort,0,30200
Ordenado,100000,OddEvenSort,0,30500
Ordenado,100000,OddEvenSort,0,30200
Ordenado,100000,OddEvenSort,0,30400
Ordenado,100000,OddEvenSort,0,30400
Ordenado,100000,OddEvenSort,0,30000
Ordenado,100000,OddEvenSort,0,30100
Ordenado,100000,OddEvenSort,0,30300
Ordenado,100000,OddEvenSort,0,30000
Ordenado,100000,OddEvenSort,0,30100
Ordenado,100000,OddEvenSort,0,30000
Ordenado,100000,OddEvenSort,0,30400
Ordenado,100000,OddEvenSort,0,32800
Ordenado,100000,OddEvenSort,0,30000
Ordenado,100000,OddEvenSort,0,30800
Ordenado,100000,OddEvenSort,0,31200
Ordenado,100000,OddEvenSort,0,31500
Ordenado,100000,OddEvenSort,0,49600
Ordenado,100000,OddEvenSort,0,31300
Ordenado,100000,OddEvenSort,0,30900
Ordenado,100000,OddEvenSort,0,49200
Ordenado,100000,OddEvenSort,0,30100
Ordenado,100000,OddEvenSort,0,30200
Ordenado,100000,OddEvenSort,0,30100
Ordenado,100000,OddEvenSort,0,30800
Ordenado,100000,OddEvenSort,0,30200
Ordenado,100000,OddEvenSort,0,30600
Ordenado,100000,OddEvenSort,0,29900
Ordenado,100000,OddEvenSort,0,29900
Ordenado,100000,OddEvenSort,0,30400
Ordenado,100000,OddEvenSort,0,33000
Ordenado,100000,OddEvenSort,0,29900
Ordenado,100000,OddEvenSort,0,30200
Ordenado,100000,OddEvenSort,0,31100
Ordenado,100000,OddEvenSort,0,30500
Ordenado,100000,OddEvenSort,0,30800
Ordenado,100000,OddEvenSort,0,29900
Ordenado,100000,OddEvenSort,0,29800
Ordenado,100000,OddEvenSort,0,30500
Ordenado,100000,OddEvenSort,0,30100
