Uniforme,100000,OddEvenSort,0,5562381600
Uniforme,100000,OddEvenSort,0,5725661200
Uniforme,100000,OddEvenSort,0,5599872100
Uniforme,100000,OddEvenSort,0,5595403000
Uniforme,100000,OddEvenSort,0,5603122400
Uniforme,100000,OddEvenSort,0,5603377800
Uniforme,100000,OddEvenSort,0,5600066400
Uniforme,100000,OddEvenSort,0,5606462500
Uniforme,100000,OddEvenSort,0,5600187000
Uniforme,100000,OddEvenSort,0,5605962600
Uniforme,100000,OddEvenSort,0,5604742900
Uniforme,100000,OddEvenSort,0,5610654700
Uniforme,100000,OddEvenSort,0,5606897600
Uniforme,100000,OddEvenSort,0,5601392800
Uniforme,100000,OddEvenSort,0,5603837300
Uniforme,100000,OddEvenSort,0,5604364900
Uniforme,100000,OddEvenSort,0,5605020500
Uniforme,100000,OddEvenSort,0,5605577700
Uniforme,100000,OddEvenSort,0,5602564500
Uniforme,100000,OddEvenSort,0,5612608200
Uniforme,100000,OddEvenSort,0,5603718700
Uniforme,100000,OddEvenSort,0,5607762000
Uniforme,100000,OddEvenSort,0,5603384500
Uniforme,100000,OddEvenSort,0,5599539700
Uniforme,100000,OddEvenSort,0,5607001000
Uniforme,100000,OddEvenSort,0,5602724000
Uniforme,100000,OddEvenSort,0,5605136400
Uniforme,100000,OddEvenSort,0,5605115500
Uniforme,100000,OddEvenSort,0,5610728000
Uniforme,100000,OddEvenSort,0,5607385300
Uniforme,100000,OddEvenSort,0,5603806500
Uniforme,100000,OddEvenSort,0,5608253100
Uniforme,100000,OddEvenSort,0,5606436000
Uniforme,100000,OddEvenSort,0,5600804000
Uniforme,100000,OddEvenSort,0,5600915000
Uniforme,100000,OddEvenSort,0,5605421400
Uniforme,100000,OddEvenSort,0,5604007000
Uniforme,100000,OddEvenSort,0,5606652200
Uniforme,100000,OddEvenSort,0,5602376600
Uniforme,100000,OddEvenSort,0,5602855300
Uniforme,100000,OddEvenSort,0,5609861400
Uniforme,100000,OddEvenSort,0,5602811200
Uniforme,100000,OddEvenSort,0,5606034500
Uniforme,100000,OddEvenSort,0,5601188400
Uniforme,100000,OddEvenSort,0,5606482800
Uniforme,100000,OddEvenSort,0,5607873100
Uniforme,100000,OddEvenSort,0,5601013600
Uniforme,100000,OddEvenSort,0,5604973700
Uniforme,100000,OddEvenSort,0,5614206800
Uniforme,100000,OddEvenSort,0,5603006700
Uniforme,100000,OddEvenSort,0,5609413400
Uniforme,100000,OddEvenSort,0,5612840000
Uniforme,100000,OddEvenSort,0,5607208500
Uniforme,100000,OddEvenSort,0,5603025000
Uniforme,100000,OddEvenSort,0,5603479000
Uniforme,100000,OddEvenSort,0,5606962400
Uniforme,100000,OddEvenSort,0,5603126900
Uniforme,100000,OddEvenSort,0,5597950400
Uniforme,100000,OddEvenSort,0,5600739300
Uniforme,100000,OddEvenSort,0,5597702200
Uniforme,100000,OddEvenSort,0,5603459500
Uniforme,100000,OddEvenSort,0,5603762300
Uniforme,100000,OddEvenSort,0,5638860500
Uniforme,100000,OddEvenSort,0,5606258300
Uniforme,100000,OddEvenSort,0,5598441300
Uniforme,100000,OddEvenSort,0,5608796600
Uniforme,100000,OddEvenSort,0,5608666200
Uniforme,100000,OddEvenSort,0,5604357200
Uniforme,100000,OddEvenSort,0,5608779300
Uniforme,100000,OddEvenSort,0,5599106400
Uniforme,100000,OddEvenSort,0,5611608900
Uniforme,100000,OddEvenSort,0,5606867100
Uniforme,100000,OddEvenSort,0,5608307600
Uniforme,100000,OddEvenSort,0,5608088000
Uniforme,100000,OddEvenSort,0,5600063700
Uniforme,100000,OddEvenSort,0,5602049300
Uniforme,100000,OddEvenSort,0,5599116600
Uniforme,100000,OddEvenSort,0,5607230200
Uniforme,100000,OddEvenSort,0,5599051800
Uniforme,100000,OddEvenSort,0,5605229500
Uniforme,100000,OddEvenSort,0,5603828800
Uniforme,100000,OddEvenSort,0,5599257600
Uniforme,100000,OddEvenSort,0,5601770700
Uniforme,100000,OddEvenSort,0,5604119400
Uniforme,100000,OddEvenSort,0,5597143300
Uniforme,100000,OddEvenSort,0,5604772700
Uniforme,100000,OddEvenSort,0,5604964700
Uniforme,100000,OddEvenSort,0,5603995100
Uniforme,100000,OddEvenSort,0,5604984300
Uniforme,100000,OddEvenSort,0,5600031600
Uniforme,100000,OddEvenSort,0,5606007900
Uniforme,100000,OddEvenSort,0,5605322400
Uniforme,100000,OddEvenSort,0,5608253400
Uniforme,100000,OddEvenSort,0,5606084300
Uniforme,100000,OddEvenSort,0,5600802600
Uniforme,100000,OddEvenSort,0,5609890300
Uniforme,100000,OddEvenSort,0,5607242800
Uniforme,100000,OddEvenSort,0,5603022700
Uniforme,100000,OddEvenSort,0,5603429900
Uniforme,100000,OddEvenSort,0,5599451600
Uniforme,100000,OddEvenSort,0,5608469900
Uniforme,100000,OddEvenSort,0,5603787500
Uniforme,100000,OddEvenSort,0,5604432900
Uniforme,100000,OddEvenSort,0,5603719600
Uniforme,100000,OddEvenSort,0,5599534300
Uniforme,100000,OddEvenSort,0,5605319300
Uniforme,100000,OddEvenSort,0,5607023500
Uniforme,100000,OddEvenSort,0,5605549600
Uniforme,100000,OddEvenSort,0,5597921900
Uniforme,100000,OddEvenSort,0,5600340400
Uniforme,100000,OddEvenSort,0,5600401700
Uniforme,100000,OddEvenSort,0,5598395200
Uniforme,100000,OddEvenSort,0,5600783900
Uniforme,100000,OddEvenSort,0,5599599400
Uniforme,100000,OddEvenSort,0,5598511800
Uniforme,100000,OddEvenSort,0,5603521400
Uniforme,100000,OddEvenSort,0,5599883600
Uniforme,100000,OddEvenSort,0,5607634500
Uniforme,100000,OddEvenSort,0,5603345000
Uniforme,100000,OddEvenSort,0,5603464100
Uniforme,100000,OddEvenSort,0,5605250100
Uniforme,100000,OddEvenSort,0,5606003600
Uniforme,100000,OddEvenSort,0,5605346000
Uniforme,100000,OddEvenSort,0,5603699400
Uniforme,100000,OddEvenSort,0,5604212800
Uniforme,100000,OddEvenSort,0,5602299400
Uniforme,100000,OddEvenSort,0,5611323700
Uniforme,100000,OddEvenSort,0,5604792300
Uniforme,100000,OddEvenSort,0,5609234400
Uniforme,100000,OddEvenSort,0,5606006300
Uniforme,100000,OddEvenSort,0,5604149900
Uniforme,100000,OddEvenSort,0,5611296400
Uniforme,100000,OddEvenSort,0,5602536600
Uniforme,100000,OddEvenSort,0,5603652800
Uniforme,100000,OddEvenSort,0,5598758200
Uniforme,100000,OddEvenSort,0,5605058100
Uniforme,100000,OddEvenSort,0,5604674600
Uniforme,100000,OddEvenSort,0,5621760100
Uniforme,100000,OddEvenSort,0,5602077800
Uniforme,100000,OddEvenSort,0,5602239400
Uniforme,100000,OddEvenSort,0,5599478700
Uniforme,100000,OddEvenSort,0,5600098100
Uniforme,100000,OddEvenSort,0,5610980700
Uniforme,100000,OddEvenSort,0,5608099400
Uniforme,100000,OddEvenSort,0,5605862500
Uniforme,100000,OddEvenSort,0,5602550800
Uniforme,100000,OddEvenSort,0,5600890100
Uniforme,100000,OddEvenSort,0,5603759800
Uniforme,100000,OddEvenSort,0,5623999700
Uniforme,100000,OddEvenSort,0,5606087800
Uniforme,100000,OddEvenSort,0,5594042600
Uniforme,100000,OddEvenSort,0,5616394900
Uniforme,100000,OddEvenSort,0,5604600500
Uniforme,100000,OddEvenSort,0,5612987100
Uniforme,100000,OddEvenSort,0,5611013500
Uniforme,100000,OddEvenSort,0,5597308900
Uniforme,100000,OddEvenSort,0,5613011700
Uniforme,100000,OddEvenSort,0,5609000500
Uniforme,100000,OddEvenSort,0,5611066000
Uniforme,100000,OddEvenSort,0,5603014600
Uniforme,100000,OddEvenSort,0,5600711700
Uniforme,100000,OddEvenSort,0,5601033900
Uniforme,100000,OddEvenSort,0,5601914500
Uniforme,100000,OddEvenSort,0,5608446200
Uniforme,100000,OddEvenSort,0,5598464000
Uniforme,100000,OddEvenSort,0,5613734700
Uniforme,100000,OddEvenSort,0,5607176100
Uniforme,100000,OddEvenSort,0,5606578200
Uniforme,100000,OddEvenSort,0,5601741600
Uniforme,100000,OddEvenSort,0,5604572500
Uniforme,100000,OddEvenSort,0,5598272500
Uniforme,100000,OddEvenSort,0,5607112500
Uniforme,100000,OddEvenSort,0,5606550600
Uniforme,100000,OddEvenSort,0,5604518400
Uniforme,100000,OddEvenSort,0,5603026400
Uniforme,100000,OddEvenSort,0,5598118500
Uniforme,100000,OddEvenSort,0,5605525200
Uniforme,100000,OddEvenSort,0,5600024800
Uniforme,100000,OddEvenSort,0,5609474900
Uniforme,100000,OddEvenSort,0,5605550600
Uniforme,100000,OddEvenSort,0,5606732500
Uniforme,100000,OddEvenSort,0,5608042200
Uniforme,100000,OddEvenSort,0,5601105800
Uniforme,100000,OddEvenSort,0,5610483500
Uniforme,100000,OddEvenSort,0,5605801000
Uniforme,100000,OddEvenSort,0,5602475700
Uniforme,100000,OddEvenSort,0,5603417600
Uniforme,100000,OddEvenSort,0,5606314300
Uniforme,100000,OddEvenSort,0,5600956100
Uniforme,100000,OddEvenSort,0,5608373600
Uniforme,100000,OddEvenSort,0,5604777500
Uniforme,100000,OddEvenSort,0,5601141200
Uniforme,100000,OddEvenSort,0,5605232600
Uniforme,100000,OddEvenSort,0,5616214800
Uniforme,100000,OddEvenSort,0,5602955600
Uniforme,100000,OddEvenSort,0,5600561500
Uniforme,100000,OddEvenSort,0,5604953400
Uniforme,100000,OddEvenSort,0,5602228200
Uniforme,100000,OddEvenSort,0,5602625400
Uniforme,100000,OddEvenSort,0,5603728200
Uniforme,100000,OddEvenSort,0,5600802000
Uniforme,100000,OddEvenSort,0,5599845200
Uniforme,100000,OddEvenSort,0,5599541500
Uniforme,100000,OddEvenSort,0,5598295000
Uniforme,100000,OddEvenSort,0,5602212600
Uniforme,100000,OddEvenSort,0,5599809300
Uniforme,100000,OddEvenSort,0,5598266000
Uniforme,100000,OddEvenSort,0,5607226000
Uniforme,100000,OddEvenSort,0,5608126400
Uniforme,100000,OddEvenSort,0,5609129800
Uniforme,100000,OddEvenSort,0,5608908900
Uniforme,100000,OddEvenSort,0,5601011600
Uniforme,100000,OddEvenSort,0,5611653600
Uniforme,100000,OddEvenSort,0,5604728000
Uniforme,100000,OddEvenSort,0,5609168100
Uniforme,100000,OddEvenSort,0,5602228500
Uniforme,100000,OddEvenSort,0,5607454800
Uniforme,100000,OddEvenSort,0,5603176700
Uniforme,100000,OddEvenSort,0,5603369100
Uniforme,100000,OddEvenSort,0,5604528500
Uniforme,100000,OddEvenSort,0,5603836300
Uniforme,100000,OddEvenSort,0,5614318700
Uniforme,100000,OddEvenSort,0,5606021400
Uniforme,100000,OddEvenSort,0,5604988200
Uniforme,100000,OddEvenSort,0,5603770700
Uniforme,100000,OddEvenSort,0,5600153400
Uniforme,100000,OddEvenSort,0,5600154600
Uniforme,100000,OddEvenSort,0,5602553800
Uniforme,100000,OddEvenSort,0,5603834000
Uniforme,100000,OddEvenSort,0,5598698700
Uniforme,100000,OddEvenSort,0,5607365500
Uniforme,100000,OddEvenSort,0,5593968700
Uniforme,100000,OddEvenSort,0,5605065800
Uniforme,100000,OddEvenSort,0,5609874900
Uniforme,100000,OddEvenSort,0,5601120800
Uniforme,100000,OddEvenSort,0,5607676800
Uniforme,100000,OddEvenSort,0,5597984500
Uniforme,100000,OddEvenSort,0,5609935400
Uniforme,100000,OddEvenSort,0,5602299300
Uniforme,100000,OddEvenSort,0,5606486800
Uniforme,100000,OddEvenSort,0,5602133900
Uniforme,100000,OddEvenSort,0,5597272200
Uniforme,100000,OddEvenSort,0,5609422700
Uniforme,100000,OddEvenSort,0,5601686700
Uniforme,100000,OddEvenSort,0,5606313100
Uniforme,100000,OddEvenSort,0,5602008100
Uniforme,100000,OddEvenSort,0,5602306700
Uniforme,100000,OddEvenSort,0,5602505100
Uniforme,100000,OddEvenSort,0,5604245800
Uniforme,100000,OddEvenSort,0,5612114800
Uniforme,100000,OddEvenSort,0,5608276700
Uniforme,100000,OddEvenSort,0,5603774200
Uniforme,100000,OddEvenSort,0,5603771200
Uniforme,100000,OddEvenSort,0,5601300500
Uniforme,100000,OddEvenSort,0,5602462200
Uniforme,100000,OddEvenSort,0,5605943000
Uniforme,100000,OddEvenSort,0,5594504300
Uniforme,100000,OddEvenSort,0,5608345400
Uniforme,100000,OddEvenSort,0,5602292500
Uniforme,100000,OddEvenSort,0,5606153000
Uniforme,100000,OddEvenSort,0,5613765400
Uniforme,100000,OddEvenSort,0,5600100900
Uniforme,100000,OddEvenSort,0,5607085600
Uniforme,100000,OddEvenSort,0,5607125700
Uniforme,100000,OddEvenSort,0,5609614500
Uniforme,100000,OddEvenSort,0,5607467300
Uniforme,100000,OddEvenSort,0,5605815000
Uniforme,100000,OddEvenSort,0,5603508700
Uniforme,100000,OddEvenSort,0,5608899000
Uniforme,100000,OddEvenSort,0,5614407200
Uniforme,100000,OddEvenSort,0,5603236600
Uniforme,100000,OddEvenSort,0,5596913200
Uniforme,100000,OddEvenSort,0,5603010100
Uniforme,100000,OddEvenSort,0,5600744000
Uniforme,100000,OddEvenSort,0,5601733600
Uniforme,100000,OddEvenSort,0,5606011700
Uniforme,100000,OddEvenSort,0,5597340600
Uniforme,100000,OddEvenSort,0,5616560100
Uniforme,100000,OddEvenSort,0,5605416500
Uniforme,100000,OddEvenSort,0,5602157200
Uniforme,100000,OddEvenSort,0,5606454300
Uniforme,100000,OddEvenSort,0,5598464600
Uniforme,100000,OddEvenSort,0,5605458700
Uniforme,100000,OddEvenSort,0,5601710000
Uniforme,100000,OddEvenSort,0,5609008900
Uniforme,100000,OddEvenSort,0,5602308500
Uniforme,100000,OddEvenSort,0,5607211600
Uniforme,100000,OddEvenSort,0,5600078100
Uniforme,100000,OddEvenSort,0,5602386600
Uniforme,100000,OddEvenSort,0,5604591100
Uniforme,100000,OddEvenSort,0,5605151300
Uniforme,100000,OddEvenSort,0,5609043200
Uniforme,100000,OddEvenSort,0,5600557100
Uniforme,100000,OddEvenSort,0,5611276700
Uniforme,100000,OddEvenSort,0,5605063400
Uniforme,100000,OddEvenSort,0,5609226000
Uniforme,100000,OddEvenSort,0,5614739100
Uniforme,100000,OddEvenSort,0,5598335700
Uniforme,100000,OddEvenSort,0,5610133600
Uniforme,100000,OddEvenSort,0,5604413000
Uniforme,100000,OddEvenSort,0,5607653900
Uniforme,100000,OddEvenSort,0,5600450300
Uniforme,100000,OddEvenSort,0,5599771500
Uniforme,100000,OddEvenSort,0,5604427400
Uniforme,100000,OddEvenSort,0,5599981300
Uniforme,100000,OddEvenSort,0,5607814700
Uniforme,100000,OddEvenSort,0,5602162500
Uniforme,100000,OddEvenSort,0,5602531200
Uniforme,100000,OddEvenSort,0,5603074200
Uniforme,100000,OddEvenSort,0,5607432600
Uniforme,100000,OddEvenSort,0,5602061900
Uniforme,100000,OddEvenSort,0,5603037700
Uniforme,100000,OddEvenSort,0,5599860500
Uniforme,100000,OddEvenSort,0,5601918000
Uniforme,100000,OddEvenSort,0,5608017900
Uniforme,100000,OddEvenSort,0,5601669200
Uniforme,100000,OddEvenSort,0,5608615400
Uniforme,100000,OddEvenSort,0,5596171000
Uniforme,100000,OddEvenSort,0,5610677700
Uniforme,100000,OddEvenSort,0,5631966500
Uniforme,100000,OddEvenSort,0,5612013000
Uniforme,100000,OddEvenSort,0,5610067600
Uniforme,100000,OddEvenSort,0,5592789300
Uniforme,100000,OddEvenSort,0,5616906600
Uniforme,100000,OddEvenSort,0,5605609300
Uniforme,100000,OddEvenSort,0,5608531200
Uniforme,100000,OddEvenSort,0,5598578400
Uniforme,100000,OddEvenSort,0,5598603900
Uniforme,100000,OddEvenSort,0,5602530900
Uniforme,100000,OddEvenSort,0,5603539100
Uniforme,100000,OddEvenSort,0,5616560200
Uniforme,100000,OddEvenSort,0,5605169300
Uniforme,100000,OddEvenSort,0,5606743000
Uniforme,100000,OddEvenSort,0,5606074700
Uniforme,100000,OddEvenSort,0,5601128000
Uniforme,100000,OddEvenSort,0,5601225300
Uniforme,100000,OddEvenSort,0,5604862100
Uniforme,100000,OddEvenSort,0,5599148600
Uniforme,100000,OddEvenSort,0,5606656300
Uniforme,100000,OddEvenSort,0,5605879400
Uniforme,100000,OddEvenSort,0,5601089400
Uniforme,100000,OddEvenSort,0,5607805500
Uniforme,100000,OddEvenSort,0,5601153700
Uniforme,100000,OddEvenSort,0,5615726400
Uniforme,100000,OddEvenSort,0,5603188500
Uniforme,100000,OddEvenSort,0,5610304300
Uniforme,100000,OddEvenSort,0,5607190500
Uniforme,100000,OddEvenSort,0,5604414300
Uniforme,100000,OddEvenSort,0,5614459700
Uniforme,100000,OddEvenSort,0,5607940300
Uniforme,100000,OddEvenSort,0,5607573200
Uniforme,100000,OddEvenSort,0,5606939200
Uniforme,100000,OddEvenSort,0,5602531800
Uniforme,100000,OddEvenSort,0,5603782100
Uniforme,100000,OddEvenSort,0,5610434500
Uniforme,100000,OddEvenSort,0,5605363400
Uniforme,100000,OddEvenSort,0,5609607800
Uniforme,100000,OddEvenSort,0,5614011500
Uniforme,100000,OddEvenSort,0,5600690100
Uniforme,100000,OddEvenSort,0,5603057300
Uniforme,100000,OddEvenSort,0,5602709500
Uniforme,100000,OddEvenSort,0,5603172100
Uniforme,100000,OddEvenSort,0,5601478500
Uniforme,100000,OddEvenSort,0,5602863900
Uniforme,100000,OddEvenSort,0,5599667900
Uniforme,100000,OddEvenSort,0,5608477700
Uniforme,100000,OddEvenSort,0,5604409700
Uniforme,100000,OddEvenSort,0,5599235400
Uniforme,100000,OddEvenSort,0,5601840500
Uniforme,100000,OddEvenSort,0,5599657800
Uniforme,100000,OddEvenSort,0,5610057600
Uniforme,100000,OddEvenSort,0,5603159700
Uniforme,100000,OddEvenSort,0,5614319100
Uniforme,100000,OddEvenSort,0,5599264400
Uniforme,100000,OddEvenSort,0,5614591500
Uniforme,100000,OddEvenSort,0,5611887300
Uniforme,100000,OddEvenSort,0,5610119400
Uniforme,100000,OddEvenSort,0,5620087800
Uniforme,100000,OddEvenSort,0,5597315400
Uniforme,100000,OddEvenSort,0,5604833000
Uniforme,100000,OddEvenSort,0,5603683400
Uniforme,100000,OddEvenSort,0,5603755400
Uniforme,100000,OddEvenSort,0,5602845300
Uniforme,100000,OddEvenSort,0,5607510300
Uniforme,100000,OddEvenSort,0,5609933600
Uniforme,100000,OddEvenSort,0,5607494400
Uniforme,100000,OddEvenSort,0,5606568400
Uniforme,100000,OddEvenSort,0,5602487700
Uniforme,100000,OddEvenSort,0,5601389900
Uniforme,100000,OddEvenSort,0,5602452200
Uniforme,100000,OddEvenSort,0,5606613800
Uniforme,100000,OddEvenSort,0,5602071500
Uniforme,100000,OddEvenSort,0,5604675000
Uniforme,100000,OddEvenSort,0,5603980800
Uniforme,100000,OddEvenSort,0,5602544500
Uniforme,100000,OddEvenSort,0,5606824300
Uniforme,100000,OddEvenSort,0,5601786600
Uniforme,100000,OddEvenSort,0,5605767500
Uniforme,100000,OddEvenSort,0,5599043400
Uniforme,100000,OddEvenSort,0,5609562100
Uniforme,100000,OddEvenSort,0,5609291300
Uniforme,100000,OddEvenSort,0,5606637600
Uniforme,100000,OddEvenSort,0,5607569800
Uniforme,100000,OddEvenSort,0,5597502700
Uniforme,100000,OddEvenSort,0,5609021100
Uniforme,100000,OddEvenSort,0,5599499100
Uniforme,100000,OddEvenSort,0,5607104400
Uniforme,100000,OddEvenSort,0,5601263700
Uniforme,100000,OddEvenSort,0,5600413000
Uniforme,100000,OddEvenSort,0,5608784000
Uniforme,100000,OddEvenSort,0,5605838300
Uniforme,100000,OddEvenSort,0,5604901500
Uniforme,100000,OddEvenSort,0,5599984700
Uniforme,100000,OddEvenSort,0,5602213900
Uniforme,100000,OddEvenSort,0,5602660800
Uniforme,100000,OddEvenSort,0,5602344300
Uniforme,100000,OddEvenSort,0,5607278600
Uniforme,100000,OddEvenSort,0,5604543300
Uniforme,100000,OddEvenSort,0,5601648200
Uniforme,100000,OddEvenSort,0,5601882300
Uniforme,100000,OddEvenSort,0,5611317900
Uniforme,100000,OddEvenSort,0,5604910900
Uniforme,100000,OddEvenSort,0,5606523600
Uniforme,100000,OddEvenSort,0,5597650700
Uniforme,100000,OddEvenSort,0,5605876300
Uniforme,100000,OddEvenSort,0,5607789000
Uniforme,100000,OddEvenSort,0,5615378600
Uniforme,100000,OddEvenSort,0,5611711000
Uniforme,100000,OddEvenSort,0,5601738500
Uniforme,100000,OddEvenSort,0,5608582900
Uniforme,100000,OddEvenSort,0,5604723600
Uniforme,100000,OddEvenSort,0,5614814100
Uniforme,100000,OddEvenSort,0,5604229900
Uniforme,100000,OddEvenSort,0,5606479100
Uniforme,100000,OddEvenSort,0,5600295000
Uniforme,100000,OddEvenSort,0,5609064400
Uniforme,100000,OddEvenSort,0,5610822500
Uniforme,100000,OddEvenSort,0,5608687400
Uniforme,100000,OddEvenSort,0,5614195800
Uniforme,100000,OddEvenSort,0,5602976600
Uniforme,100000,OddEvenSort,0,5607923500
Uniforme,100000,OddEvenSort,0,5605479500
Uniforme,100000,OddEvenSort,0,5605136700
Uniforme,100000,OddEvenSort,0,5604017800
Uniforme,100000,OddEvenSort,0,5603461300
Uniforme,100000,OddEvenSort,0,5604172600
Uniforme,100000,OddEvenSort,0,5608404700
Uniforme,100000,OddEvenSort,0,5602660900
Uniforme,100000,OddEvenSort,0,5609627900
Uniforme,100000,OddEvenSort,0,5603429100
Uniforme,100000,OddEvenSort,0,5607568900
Uniforme,100000,OddEvenSort,0,5611436600
Uniforme,100000,OddEvenSort,0,5602804200
Uniforme,100000,OddEvenSort,0,5608854800
Uniforme,100000,OddEvenSort,0,5600469100
Uniforme,100000,OddEvenSort,0,5613355700
Uniforme,100000,OddEvenSort,0,5613596200
Uniforme,100000,OddEvenSort,0,5605635300
Uniforme,100000,OddEvenSort,0,5608228300
Uniforme,100000,OddEvenSort,0,5597838100
Uniforme,100000,OddEvenSort,0,5609794300
Uniforme,100000,OddEvenSort,0,5603932600
Uniforme,100000,OddEvenSort,0,5607798700
Uniforme,100000,OddEvenSort,0,5604600800
Uniforme,100000,OddEvenSort,0,5605576500
Uniforme,100000,OddEvenSort,0,5608675700
Uniforme,100000,OddEvenSort,0,5603090200
Uniforme,100000,OddEvenSort,0,5618125400
Uniforme,100000,OddEvenSort,0,5601062900
Uniforme,100000,OddEvenSort,0,5636837100
Uniforme,100000,OddEvenSort,0,5599308600
Uniforme,100000,OddEvenSort,0,5603189300
Uniforme,100000,OddEvenSort,0,5601069400
Uniforme,100000,OddEvenSort,0,5603666900
Uniforme,100000,OddEvenSort,0,5602160100
Uniforme,100000,OddEvenSort,0,5600343400
Uniforme,100000,OddEvenSort,0,5601817300
Uniforme,100000,OddEvenSort,0,5599204000
Uniforme,100000,OddEvenSort,0,5606316800
Uniforme,100000,OddEvenSort,0,5598941900
Uniforme,100000,OddEvenSort,0,5606579000
Uniforme,100000,OddEvenSort,0,5603922000
Uniforme,100000,OddEvenSort,0,5612891400
Uniforme,100000,OddEvenSort,0,5610612600
Uniforme,100000,OddEvenSort,0,5600158700
Uniforme,100000,OddEvenSort,0,5614918900
Uniforme,100000,OddEvenSort,0,5603086700
Uniforme,100000,OddEvenSort,0,5616445200
Uniforme,100000,OddEvenSort,0,5600951500
Uniforme,100000,OddEvenSort,0,5604792500
Uniforme,100000,OddEvenSort,0,5602395100
Uniforme,100000,OddEvenSort,0,5614107500
Uniforme,100000,OddEvenSort,0,5610281500
Uniforme,100000,OddEvenSort,0,5611189400
Uniforme,100000,OddEvenSort,0,5612853300
Uniforme,100000,OddEvenSort,0,5602549700
Uniforme,100000,OddEvenSort,0,5603280600
Uniforme,100000,OddEvenSort,0,5602573700
Uniforme,100000,OddEvenSort,0,5604768100
Uniforme,100000,OddEvenSort,0,5599257900
Uniforme,100000,OddEvenSort,0,5600275000
Uniforme,100000,OddEvenSort,0,5608680900
Uniforme,100000,OddEvenSort,0,5600847000
Uniforme,100000,OddEvenSort,0,5605470900
Uniforme,100000,OddEvenSort,0,5600535200
Uniforme,100000,OddEvenSort,0,5604860900
Uniforme,100000,OddEvenSort,0,5605553500
Uniforme,100000,OddEvenSort,0,5605792100
Uniforme,100000,OddEvenSort,0,5603214200
Uniforme,100000,OddEvenSort,0,5608292600
Uniforme,100000,OddEvenSort,0,5599552800
Uniforme,100000,OddEvenSort,0,5608016400
Uniforme,100000,OddEvenSort,0,5606213600
Uniforme,100000,OddEvenSort,0,5599933300
Uniforme,100000,OddEvenSort,0,5609797500
Uniforme,100000,OddEvenSort,0,5593265700
Uniforme,100000,OddEvenSort,0,5605241600
Uniforme,100000,OddEvenSort,0,5599729400
Uniforme,100000,OddEvenSort,0,5602357700
Uniforme,100000,OddEvenSort,0,5605674800
Uniforme,100000,OddEvenSort,0,5602810900
Uniforme,100000,OddEvenSort,0,5606475100
Uniforme,100000,OddEvenSort,0,5599779300
Uniforme,100000,OddEvenSort,0,5603674400
Uniforme,100000,OddEvenSort,0,5599470000
Uniforme,100000,OddEvenSort,0,5599329300
Uniforme,100000,OddEvenSort,0,5602129900
Uniforme,100000,OddEvenSort,0,5607234100
Uniforme,100000,OddEvenSort,0,5603786300
Uniforme,100000,OddEvenSort,0,5602235700
Uniforme,100000,OddEvenSort,0,5602943900
Uniforme,100000,OddEvenSort,0,5603773700
Uniforme,100000,OddEvenSort,0,5601941200
Uniforme,100000,OddEvenSort,0,5603611600
Uniforme,100000,OddEvenSort,0,5612529500
Uniforme,100000,OddEvenSort,0,5598825900
Uniforme,100000,OddEvenSort,0,5621578100
Uniforme,100000,OddEvenSort,0,5611992900
Uniforme,100000,OddEvenSort,0,5605148500
Uniforme,100000,OddEvenSort,0,5606613900
Uniforme,100000,OddEvenSort,0,5594739200
Uniforme,100000,OddEvenSort,0,5614966000
Uniforme,100000,OddEvenSort,0,5599264800
Uniforme,100000,OddEvenSort,0,5604100700
Uniforme,100000,OddEvenSort,0,5603753000
Uniforme,100000,OddEvenSort,0,5600076300
Uniforme,100000,OddEvenSort,0,5607256200
Uniforme,100000,OddEvenSort,0,5601230100
Uniforme,100000,OddEvenSort,0,5615172100
Uniforme,100000,OddEvenSort,0,5602103300
Uniforme,100000,OddEvenSort,0,5605298500
Uniforme,100000,OddEvenSort,0,5604691100
Uniforme,100000,OddEvenSort,0,5602632500
Uniforme,100000,OddEvenSort,0,5605607900
Uniforme,100000,OddEvenSort,0,5601359600
Uniforme,100000,OddEvenSort,0,5601394600
Uniforme,100000,OddEvenSort,0,5600519500
Uniforme,100000,OddEvenSort,0,5604115300
Uniforme,100000,OddEvenSort,0,5603626400
Uniforme,100000,OddEvenSort,0,5605098300
Uniforme,100000,OddEvenSort,0,5601166400
Uniforme,100000,OddEvenSort,0,5607728600
Uniforme,100000,OddEvenSort,0,5600814700
Uniforme,100000,OddEvenSort,0,5603647000
Uniforme,100000,OddEvenSort,0,5603207200
Uniforme,100000,OddEvenSort,0,5596276000
Uniforme,100000,OddEvenSort,0,5605421100
Uniforme,100000,OddEvenSort,0,5604780700
Uniforme,100000,OddEvenSort,0,5604657900
Uniforme,100000,OddEvenSort,0,5602985000
Uniforme,100000,OddEvenSort,0,5599282700
Uniforme,100000,OddEvenSort,0,5602567900
Uniforme,100000,OddEvenSort,0,5603051200
Uniforme,100000,OddEvenSort,0,5606115300
Uniforme,100000,OddEvenSort,0,5611225500
Uniforme,100000,OddEvenSort,0,5597368100
Uniforme,100000,OddEvenSort,0,5601879300
Uniforme,100000,OddEvenSort,0,5602110800
Uniforme,100000,OddEvenSort,0,5603461600
Uniforme,100000,OddEvenSort,0,5602673500
Uniforme,100000,OddEvenSort,0,5597906900
Uniforme,100000,OddEvenSort,0,5600324300
Uniforme,100000,OddEvenSort,0,5603908200
Uniforme,100000,OddEvenSort,0,5603018500
Uniforme,100000,OddEvenSort,0,5600629800
Uniforme,100000,OddEvenSort,0,5595991600
Uniforme,100000,OddEvenSort,0,5600810900
Uniforme,100000,OddEvenSort,0,5605724500
Uniforme,100000,OddEvenSort,0,5606327500
Uniforme,100000,OddEvenSort,0,5605645000
Uniforme,100000,OddEvenSort,0,5604291500
Uniforme,100000,OddEvenSort,0,5600094600
Uniforme,100000,OddEvenSort,0,5608422400
Uniforme,100000,OddEvenSort,0,5608208200
Uniforme,100000,OddEvenSort,0,5598767100
Uniforme,100000,OddEvenSort,0,5602494200
Uniforme,100000,OddEvenSort,0,5596076700
Uniforme,100000,OddEvenSort,0,5603776300
Uniforme,100000,OddEvenSort,0,5607411100
Uniforme,100000,OddEvenSort,0,5603736000
Uniforme,100000,OddEvenSort,0,5602479000
Uniforme,100000,OddEvenSort,0,5601437700
Uniforme,100000,OddEvenSort,0,5602348200
Uniforme,100000,OddEvenSort,0,5604348400
Uniforme,100000,OddEvenSort,0,5601865800
Uniforme,100000,OddEvenSort,0,5610873900
Uniforme,100000,OddEvenSort,0,5601469500
Uniforme,100000,OddEvenSort,0,5603923800
Uniforme,100000,OddEvenSort,0,5602285100
Uniforme,100000,OddEvenSort,0,5602209800
Uniforme,100000,OddEvenSort,0,5598238600
Uniforme,100000,OddEvenSort,0,5600908700
Uniforme,100000,OddEvenSort,0,5602394100
Uniforme,100000,OddEvenSort,0,5605608300
Uniforme,100000,OddEvenSort,0,5605110400
Uniforme,100000,OddEvenSort,0,5606812100
Uniforme,100000,OddEvenSort,0,5599785600
Uniforme,100000,OddEvenSort,0,5607911200
Uniforme,100000,OddEvenSort,0,5602407900
Uniforme,100000,OddEvenSort,0,5605614600
Uniforme,100000,OddEvenSort,0,5605348000
Uniforme,100000,OddEvenSort,0,5596914100
Uniforme,100000,OddEvenSort,0,5605738000
Uniforme,100000,OddEvenSort,0,5599344800
Uniforme,100000,OddEvenSort,0,5602095800
Uniforme,100000,OddEvenSort,0,5599935700
Uniforme,100000,OddEvenSort,0,5600969900
Uniforme,100000,OddEvenSort,0,5604133800
Uniforme,100000,OddEvenSort,0,5605014100
Uniforme,100000,OddEvenSort,0,5610702600
Uniforme,100000,OddEvenSort,0,5600711600
Uniforme,100000,OddEvenSort,0,5594406600
Uniforme,100000,OddEvenSort,0,5602455600
Uniforme,100000,OddEvenSort,0,5600572100
Uniforme,100000,OddEvenSort,0,5601216700
Uniforme,100000,OddEvenSort,0,5601538900
Uniforme,100000,OddEvenSort,0,5597263400
Uniforme,100000,OddEvenSort,0,5602821600
Uniforme,100000,OddEvenSort,0,5600291200
Uniforme,100000,OddEvenSort,0,5599364700
Uniforme,100000,OddEvenSort,0,5632458400
Uniforme,100000,OddEvenSort,0,5595261700
Uniforme,100000,OddEvenSort,0,5608203000
Uniforme,100000,OddEvenSort,0,5601900600
Uniforme,100000,OddEvenSort,0,5608297800
Uniforme,100000,OddEvenSort,0,5608321200
Uniforme,100000,OddEvenSort,0,5600085200
Uniforme,100000,OddEvenSort,0,5607986500
Uniforme,100000,OddEvenSort,0,5601764700
Uniforme,100000,OddEvenSort,0,5603756800
Uniforme,100000,OddEvenSort,0,5600573900
Uniforme,100000,OddEvenSort,0,5596826400
Uniforme,100000,OddEvenSort,0,5604523700
Uniforme,100000,OddEvenSort,0,5605522700
Uniforme,100000,OddEvenSort,0,5612977100
Uniforme,100000,OddEvenSort,0,5601073500
Uniforme,100000,OddEvenSort,0,5597647000
Uniforme,100000,OddEvenSort,0,5605016700
Uniforme,100000,OddEvenSort,0,5603791100
Uniforme,100000,OddEvenSort,0,5601202800
Uniforme,100000,OddEvenSort,0,5600170100
Uniforme,100000,OddEvenSort,0,5600994000
Uniforme,100000,OddEvenSort,0,5603496300
Uniforme,100000,OddEvenSort,0,5603975100
Uniforme,100000,OddEvenSort,0,5602478700
Uniforme,100000,OddEvenSort,0,5601846300
Uniforme,100000,OddEvenSort,0,5596838600
Uniforme,100000,OddEvenSort,0,5604940900
Uniforme,100000,OddEvenSort,0,5600850800
Uniforme,100000,OddEvenSort,0,5605259600
Uniforme,100000,OddEvenSort,0,5609975300
Uniforme,100000,OddEvenSort,0,5598748100
Uniforme,100000,OddEvenSort,0,5605661500
Uniforme,100000,OddEvenSort,0,5600000500
Uniforme,100000,OddEvenSort,0,5606792800
Uniforme,100000,OddEvenSort,0,5603942600
Uniforme,100000,OddEvenSort,0,5599564400
Uniforme,100000,OddEvenSort,0,5603789700
Uniforme,100000,OddEvenSort,0,5612710200
Uniforme,100000,OddEvenSort,0,5629318600
Uniforme,100000,OddEvenSort,0,5605803100
Uniforme,100000,OddEvenSort,0,5599256900
Uniforme,100000,OddEvenSort,0,5601812300
Uniforme,100000,OddEvenSort,0,5597499700
Uniforme,100000,OddEvenSort,0,5600292200
Uniforme,100000,OddEvenSort,0,5599310000
Uniforme,100000,OddEvenSort,0,5594085700
Uniforme,100000,OddEvenSort,0,5598236200
Uniforme,100000,OddEvenSort,0,5597631800
Uniforme,100000,OddEvenSort,0,5637533600
Uniforme,100000,OddEvenSort,0,5632283700
Uniforme,100000,OddEvenSort,0,5595989900
Uniforme,100000,OddEvenSort,0,5599861200
Uniforme,100000,OddEvenSort,0,5600943000
Uniforme,100000,OddEvenSort,0,5634784300
Uniforme,100000,OddEvenSort,0,5604158500
Uniforme,100000,OddEvenSort,0,5601192400
Uniforme,100000,OddEvenSort,0,5601064600
Uniforme,100000,OddEvenSort,0,5602930500
Uniforme,100000,OddEvenSort,0,5598808800
Uniforme,100000,OddEvenSort,0,5603670400
Uniforme,100000,OddEvenSort,0,5601274100
Uniforme,100000,OddEvenSort,0,5602575500
Uniforme,100000,OddEvenSort,0,5603031600
Uniforme,100000,OddEvenSort,0,5599519900
Uniforme,100000,OddEvenSort,0,5602613800
Uniforme,100000,OddEvenSort,0,5606452800
Uniforme,100000,OddEvenSort,0,5599129300
Uniforme,100000,OddEvenSort,0,5597124200
Uniforme,100000,OddEvenSort,0,5609772800
Uniforme,100000,OddEvenSort,0,5602518600
Uniforme,100000,OddEvenSort,0,5600391000
Uniforme,100000,OddEvenSort,0,5596965100
Uniforme,100000,OddEvenSort,0,5599136600
Uniforme,100000,OddEvenSort,0,5600133900
Uniforme,100000,OddEvenSort,0,5599047800
Uniforme,100000,OddEvenSort,0,5603428900
Uniforme,100000,OddEvenSort,0,5600378200
Uniforme,100000,OddEvenSort,0,5611785300
Uniforme,100000,OddEvenSort,0,5602020300
Uniforme,100000,OddEvenSort,0,5604015000
Uniforme,100000,OddEvenSort,0,5603375500
Uniforme,100000,OddEvenSort,0,5598442600
Uniforme,100000,OddEvenSort,0,5607030600
Uniforme,100000,OddEvenSort,0,5603403600
Uniforme,100000,OddEvenSort,0,5609386700
Uniforme,100000,OddEvenSort,0,5604852800
Uniforme,100000,OddEvenSort,0,5596979700
Uniforme,100000,OddEvenSort,0,5606173100
Uniforme,100000,OddEvenSort,0,5600208600
Uniforme,100000,OddEvenSort,0,5604400800
Uniforme,100000,OddEvenSort,0,5600861800
Uniforme,100000,OddEvenSort,0,5601048700
Uniforme,100000,OddEvenSort,0,5606238900
Uniforme,100000,OddEvenSort,0,5600972400
Uniforme,100000,OddEvenSort,0,5599958700
Uniforme,100000,OddEvenSort,0,5597469300
Uniforme,100000,OddEvenSort,0,5602344500
Uniforme,100000,OddEvenSort,0,5598420000
Uniforme,100000,OddEvenSort,0,5602708000
Uniforme,100000,OddEvenSort,0,5597565100
Uniforme,100000,OddEvenSort,0,5602970700
Uniforme,100000,OddEvenSort,0,5596703300
Uniforme,100000,OddEvenSort,0,5599145300
Uniforme,100000,OddEvenSort,0,5604061000
Uniforme,100000,OddEvenSort,0,5601927000
Uniforme,100000,OddEvenSort,0,5602825600
Uniforme,100000,OddEvenSort,0,5593068700
Uniforme,100000,OddEvenSort,0,5604653000
Uniforme,100000,OddEvenSort,0,5597541100
Uniforme,100000,OddEvenSort,0,5602318800
Uniforme,100000,OddEvenSort,0,5607221500
Uniforme,100000,OddEvenSort,0,5593644300
Uniforme,100000,OddEvenSort,0,5608144400
Uniforme,100000,OddEvenSort,0,5603258900
Uniforme,100000,OddEvenSort,0,5607839300
Uniforme,100000,OddEvenSort,0,5606575600
Uniforme,100000,OddEvenSort,0,5603417500
Uniforme,100000,OddEvenSort,0,5605086500
Uniforme,100000,OddEvenSort,0,5604827200
Uniforme,100000,OddEvenSort,0,5603850400
Uniforme,100000,OddEvenSort,0,5598746200
Uniforme,100000,OddEvenSort,0,5595152400
Uniforme,100000,OddEvenSort,0,5604799600
Uniforme,100000,OddEvenSort,0,5603600800
Uniforme,100000,OddEvenSort,0,5599772700
Uniforme,100000,OddEvenSort,0,5603333700
Uniforme,100000,OddEvenSort,0,5593161400
Uniforme,100000,OddEvenSort,0,5600489300
Uniforme,100000,OddEvenSort,0,5599921100
Uniforme,100000,OddEvenSort,0,5597047300
Uniforme,100000,OddEvenSort,0,5603531400
Uniforme,100000,OddEvenSort,0,5594017200
Uniforme,100000,OddEvenSort,0,5602366900
Uniforme,100000,OddEvenSort,0,5598957100
Uniforme,100000,OddEvenSort,0,5600267200
Uniforme,100000,OddEvenSort,0,5601487600
Uniforme,100000,OddEvenSort,0,5597576100
Uniforme,100000,OddEvenSort,0,5606929500
Uniforme,100000,OddEvenSort,0,5603774300
Uniforme,100000,OddEvenSort,0,5604703500
Uniforme,100000,OddEvenSort,0,5599513700
Uniforme,100000,OddEvenSort,0,5599445700
Uniforme,100000,OddEvenSort,0,5605610800
Uniforme,100000,OddEvenSort,0,5601691200
Uniforme,100000,OddEvenSort,0,5599322300
Uniforme,100000,OddEvenSort,0,5603916700
Uniforme,100000,OddEvenSort,0,5596196800
Uniforme,100000,OddEvenSort,0,5602658700
Uniforme,100000,OddEvenSort,0,5600057000
Uniforme,100000,OddEvenSort,0,5627138000
Uniforme,100000,OddEvenSort,0,5611271500
Uniforme,100000,OddEvenSort,0,5601695500
Uniforme,100000,OddEvenSort,0,5602862300
Uniforme,100000,OddEvenSort,0,5596946700
Uniforme,100000,OddEvenSort,0,5602587200
Uniforme,100000,OddEvenSort,0,5614121100
Uniforme,100000,OddEvenSort,0,5594127400
Uniforme,100000,OddEvenSort,0,5601633500
Uniforme,100000,OddEvenSort,0,5600423500
Uniforme,100000,OddEvenSort,0,5603159400
Uniforme,100000,OddEvenSort,0,5609850500
Uniforme,100000,OddEvenSort,0,5614824300
Uniforme,100000,OddEvenSort,0,5599499100
Uniforme,100000,OddEvenSort,0,5606798200
Uniforme,100000,OddEvenSort,0,5607080400
Uniforme,100000,OddEvenSort,0,5602558200
Uniforme,100000,OddEvenSort,0,5602538400
Uniforme,100000,OddEvenSort,0,5599689200
Uniforme,100000,OddEvenSort,0,5603454300
Uniforme,100000,OddEvenSort,0,5600529000
Uniforme,100000,OddEvenSort,0,5617973200
Uniforme,100000,OddEvenSort,0,5597922000
Uniforme,100000,OddEvenSort,0,5603626200
Uniforme,100000,OddEvenSort,0,5600650700
Uniforme,100000,OddEvenSort,0,5596782500
Uniforme,100000,OddEvenSort,0,5604310900
Uniforme,100000,OddEvenSort,0,5594908100
Uniforme,100000,OddEvenSort,0,5611031700
Uniforme,100000,OddEvenSort,0,5597910400
Uniforme,100000,OddEvenSort,0,5601126500
Uniforme,100000,OddEvenSort,0,5596552900
Uniforme,100000,OddEvenSort,0,5597657000
Uniforme,100000,OddEvenSort,0,5603154100
Uniforme,100000,OddEvenSort,0,5598023800
Uniforme,100000,OddEvenSort,0,5600326700
Uniforme,100000,OddEvenSort,0,5597692700
Uniforme,100000,OddEvenSort,0,5597574400
Uniforme,100000,OddEvenSort,0,5603738700
Uniforme,100000,OddEvenSort,0,5601687200
Uniforme,100000,OddEvenSort,0,5599052600
Uniforme,100000,OddEvenSort,0,5613151000
Uniforme,100000,OddEvenSort,0,5598944600
Uniforme,100000,OddEvenSort,0,5602421000
Uniforme,100000,OddEvenSort,0,5603575400
Uniforme,100000,OddEvenSort,0,5604955600
Uniforme,100000,OddEvenSort,0,5610774100
Uniforme,100000,OddEvenSort,0,5599060400
Uniforme,100000,OddEvenSort,0,5606964600
Uniforme,100000,OddEvenSort,0,5607811000
Uniforme,100000,OddEvenSort,0,5602776000
Uniforme,100000,OddEvenSort,0,5605858000
Uniforme,100000,OddEvenSort,0,5601083500
Uniforme,100000,OddEvenSort,0,5605145100
Uniforme,100000,OddEvenSort,0,5599263300
Uniforme,100000,OddEvenSort,0,5621510200
Uniforme,100000,OddEvenSort,0,5603127100
Uniforme,100000,OddEvenSort,0,5600779900
Uniforme,100000,OddEvenSort,0,5612057500
Uniforme,100000,OddEvenSort,0,5610626700
Uniforme,100000,OddEvenSort,0,5630912200
Uniforme,100000,OddEvenSort,0,5620586300
Uniforme,100000,OddEvenSort,0,5632252600
Uniforme,100000,OddEvenSort,0,5598141400
Uniforme,100000,OddEvenSort,0,5607164000
Uniforme,100000,OddEvenSort,0,5604162200
Uniforme,100000,OddEvenSort,0,5604383400
Uniforme,100000,OddEvenSort,0,5608756500
Uniforme,100000,OddEvenSort,0,5597378700
Uniforme,100000,OddEvenSort,0,5617713400
Uniforme,100000,OddEvenSort,0,5604707700
Uniforme,100000,OddEvenSort,0,5617334100
Uniforme,100000,OddEvenSort,0,5604487900
Uniforme,100000,OddEvenSort,0,5605200200
Uniforme,100000,OddEvenSort,0,5606956000
Uniforme,100000,OddEvenSort,0,5606483900
Uniforme,100000,OddEvenSort,0,5608238000
Uniforme,100000,OddEvenSort,0,5603266300
Uniforme,100000,OddEvenSort,0,5601689100
Uniforme,100000,OddEvenSort,0,5602761700
Uniforme,100000,OddEvenSort,0,5601954800
Uniforme,100000,OddEvenSort,0,5607731300
Uniforme,100000,OddEvenSort,0,5613008500
Uniforme,100000,OddEvenSort,0,5595531700
Uniforme,100000,OddEvenSort,0,5607841600
Uniforme,100000,OddEvenSort,0,5606172400
Uniforme,100000,OddEvenSort,0,5603659000
Uniforme,100000,OddEvenSort,0,5605956500
Uniforme,100000,OddEvenSort,0,5598534100
Uniforme,100000,OddEvenSort,0,5602921300
Uniforme,100000,OddEvenSort,0,5604147500
Uniforme,100000,OddEvenSort,0,5604398300
Uniforme,100000,OddEvenSort,0,5603160100
Uniforme,100000,OddEvenSort,0,5601755600
Uniforme,100000,OddEvenSort,0,5608028200
Uniforme,100000,OddEvenSort,0,5604317800
Uniforme,100000,OddEvenSort,0,5619675500
Uniforme,100000,OddEvenSort,0,5605840400
Uniforme,100000,OddEvenSort,0,5606199000
Uniforme,100000,OddEvenSort,0,5603240600
Uniforme,100000,OddEvenSort,0,5611086100
Uniforme,100000,OddEvenSort,0,5606404300
Uniforme,100000,OddEvenSort,0,5608816900
Uniforme,100000,OddEvenSort,0,5605593900
Uniforme,100000,OddEvenSort,0,5602619800
Uniforme,100000,OddEvenSort,0,5608673400
Uniforme,100000,OddEvenSort,0,5600662400
Uniforme,100000,OddEvenSort,0,5605350200
Uniforme,100000,OddEvenSort,0,5604229600
Uniforme,100000,OddEvenSort,0,5602936600
Uniforme,100000,OddEvenSort,0,5599869100
Uniforme,100000,OddEvenSort,0,5615721000
Uniforme,100000,OddEvenSort,0,5604045400
Uniforme,100000,OddEvenSort,0,5595891800
Uniforme,100000,OddEvenSort,0,5601779900
Uniforme,100000,OddEvenSort,0,5598416100
Uniforme,100000,OddEvenSort,0,5606000000
Uniforme,100000,OddEvenSort,0,5601180100
Uniforme,100000,OddEvenSort,0,5599973900
Uniforme,100000,OddEvenSort,0,5596616400
Uniforme,100000,OddEvenSort,0,5605816800
Uniforme,100000,OddEvenSort,0,5603708200
Uniforme,100000,OddEvenSort,0,5601248100
Uniforme,100000,OddEvenSort,0,5600266800
Uniforme,100000,OddEvenSort,0,5596861400
Uniforme,100000,OddEvenSort,0,5608621300
Uniforme,100000,OddEvenSort,0,5604199600
Uniforme,100000,OddEvenSort,0,5615744600
Uniforme,100000,OddEvenSort,0,5615535400
Uniforme,100000,OddEvenSort,0,5598659400
Uniforme,100000,OddEvenSort,0,5610938200
Uniforme,100000,OddEvenSort,0,5606938200
Uniforme,100000,OddEvenSort,0,5614343000
Uniforme,100000,OddEvenSort,0,5601359600
Uniforme,100000,OddEvenSort,0,5600290400
Uniforme,100000,OddEvenSort,0,5604489200
Uniforme,100000,OddEvenSort,0,5606512300
Uniforme,100000,OddEvenSort,0,5620740400
Uniforme,100000,OddEvenSort,0,5603281800
Uniforme,100000,OddEvenSort,0,5602745700
Uniforme,100000,OddEvenSort,0,5604370700
Uniforme,100000,OddEvenSort,0,5606657400
Uniforme,100000,OddEvenSort,0,5603488800
Uniforme,100000,OddEvenSort,0,5603772700
Uniforme,100000,OddEvenSort,0,5597971900
Uniforme,100000,OddEvenSort,0,5638188000
Uniforme,100000,OddEvenSort,0,5701849500
Uniforme,100000,OddEvenSort,0,5634759000
Uniforme,100000,OddEvenSort,0,5608609400
Uniforme,100000,OddEvenSort,0,5661978800
Uniforme,100000,OddEvenSort,0,5606560800
Uniforme,100000,OddEvenSort,0,5603560200
Uniforme,100000,OddEvenSort,0,5609154000
Uniforme,100000,OddEvenSort,0,5668843000
Uniforme,100000,OddEvenSort,0,5607463200
Uniforme,100000,OddEvenSort,0,5604083700
Uniforme,100000,OddEvenSort,0,5603080500
Uniforme,100000,OddEvenSort,0,5606415000
Uniforme,100000,OddEvenSort,0,5605177300
Uniforme,100000,OddEvenSort,0,5616342300
Uniforme,100000,OddEvenSort,0,5598548000
Uniforme,100000,OddEvenSort,0,5606825000
Uniforme,100000,OddEvenSort,0,5602332800
Uniforme,100000,OddEvenSort,0,5616172500
Uniforme,100000,OddEvenSort,0,5610228100
Uniforme,100000,OddEvenSort,0,5598051700
Uniforme,100000,OddEvenSort,0,5612116500
Uniforme,100000,OddEvenSort,0,5605834300
Uniforme,100000,OddEvenSort,0,5608309800
Uniforme,100000,OddEvenSort,0,5604188300
Uniforme,100000,OddEvenSort,0,5602836300
Uniforme,100000,OddEvenSort,0,5636158900
Uniforme,100000,OddEvenSort,0,5605379200
Uniforme,100000,OddEvenSort,0,5604193800
Uniforme,100000,OddEvenSort,0,5604977100
Uniforme,100000,OddEvenSort,0,5610907100
Uniforme,100000,OddEvenSort,0,5604013400
Uniforme,100000,OddEvenSort,0,5609337300
Uniforme,100000,OddEvenSort,0,5604581100
Uniforme,100000,OddEvenSort,0,5610501700
Uniforme,100000,OddEvenSort,0,5604517700
Uniforme,100000,OddEvenSort,0,5608185600
Uniforme,100000,OddEvenSort,0,5606182700
Uniforme,100000,OddEvenSort,0,5608597200
Uniforme,100000,OddEvenSort,0,5607045900
Uniforme,100000,OddEvenSort,0,5601052400
Uniforme,100000,OddEvenSort,0,5603854500
Uniforme,100000,OddEvenSort,0,5601489200
Uniforme,100000,OddEvenSort,0,5607358500
Uniforme,100000,OddEvenSort,0,5607231800
Uniforme,100000,OddEvenSort,0,5598999000
Uniforme,100000,OddEvenSort,0,5610003700
Uniforme,100000,OddEvenSort,0,5605651000
Uniforme,100000,OddEvenSort,0,5601023200
Uniforme,100000,OddEvenSort,0,5602701600
Uniforme,100000,OddEvenSort,0,5601718600
Uniforme,100000,OddEvenSort,0,5600192200
Uniforme,100000,OddEvenSort,0,5604407100
Uniforme,100000,OddEvenSort,0,5603666500
Uniforme,100000,OddEvenSort,0,5602186400
Uniforme,100000,OddEvenSort,0,5601226500
Uniforme,100000,OddEvenSort,0,5597279300
Uniforme,100000,OddEvenSort,0,5606380200
Uniforme,100000,OddEvenSort,0,5604562300
Uniforme,100000,OddEvenSort,0,5608022900
Uniforme,100000,OddEvenSort,0,5600094500
Uniforme,100000,OddEvenSort,0,5608451800
Uniforme,100000,OddEvenSort,0,5603869500
Uniforme,100000,OddEvenSort,0,5604267000
Uniforme,100000,OddEvenSort,0,5605296100
