Ordenado,100000,BitonicSort,1,18303500
Ordenado,100000,BitonicSort,1,15792600
Ordenado,100000,BitonicSort,1,14304900
Ordenado,100000,BitonicSort,1,14831200
Ordenado,100000,BitonicSort,1,14673700
Ordenado,100000,BitonicSort,1,14301600
Ordenado,100000,BitonicSort,1,13694000
Ordenado,100000,BitonicSort,1,19830900
Ordenado,100000,BitonicSort,1,14807500
Ordenado,100000,BitonicSort,1,13730500
Ordenado,100000,BitonicSort,1,13712100
Ordenado,100000,BitonicSort,1,13834800
Ordenado,100000,BitonicSort,1,15512500
Ordenado,100000,BitonicSort,1,13833400
Ordenado,100000,BitonicSort,1,14478100
Ordenado,100000,BitonicSort,1,13835600
Ordenado,100000,BitonicSort,1,13738000
Ordenado,100000,BitonicSort,1,13581200
Ordenado,100000,BitonicSort,1,14295400
Ordenado,100000,BitonicSort,1,15147100
Ordenado,100000,BitonicSort,1,16805200
Ordenado,100000,BitonicSort,1,15305200
Ordenado,100000,BitonicSort,1,13775300
Ordenado,100000,BitonicSort,1,14659700
Ordenado,100000,BitonicSort,1,15275700
Ordenado,100000,BitonicSort,1,13758600
Ordenado,100000,BitonicSort,1,13708500
Ordenado,100000,BitonicSort,1,14328700
Ordenado,100000,BitonicSort,1,13646400
Ordenado,100000,BitonicSort,1,15110500
Ordenado,100000,BitonicSort,1,14783500
Ordenado,100000,BitonicSort,1,14019800
Ordenado,100000,BitonicSort,1,13908600
Ordenado,100000,BitonicSort,1,13746500
Ordenado,100000,BitonicSort,1,14563400
Ordenado,100000,BitonicSort,1,14176800
Ordenado,100000,BitonicSort,1,15502500
Ordenado,100000,BitonicSort,1,13662700
Ordenado,100000,BitonicSort,1,13745700
Ordenado,100000,BitonicSort,1,14905200
Ordenado,100000,BitonicSort,1,14301900
Ordenado,100000,BitonicSort,1,14475600
Ordenado,100000,BitonicSort,1,14058300
Ordenado,100000,BitonicSort,1,13924800
Ordenado,100000,BitonicSort,1,13838500
Ordenado,100000,BitonicSort,1,14072000
Ordenado,100000,BitonicSort,1,14184100
Ordenado,100000,BitonicSort,1,13751300
Ordenado,100000,BitonicSort,1,14574300
Ordenado,100000,BitonicSort,1,14479400
Ordenado,100000,BitonicSort,1,13643300
Ordenado,100000,BitonicSort,1,15474700
Ordenado,100000,BitonicSort,1,13755100
Ordenado,100000,BitonicSort,1,13791200
Ordenado,100000,BitonicSort,1,14384500
Ordenado,100000,BitonicSort,1,14755000
Ordenado,100000,BitonicSort,1,13962400
Ordenado,100000,BitonicSort,1,14089600
Ordenado,100000,BitonicSort,1,14274700
Ordenado,100000,BitonicSort,1,14045500
Ordenado,100000,BitonicSort,1,13842000
Ordenado,100000,BitonicSort,1,14178000
Ordenado,100000,BitonicSort,1,14182800
Ordenado,100000,BitonicSort,1,13686200
Ordenado,100000,BitonicSort,1,14005900
Ordenado,100000,BitonicSort,1,14367000
Ordenado,100000,BitonicSort,1,14832500
Ordenado,100000,BitonicSort,1,14383600
Ordenado,100000,BitonicSort,1,13680100
Ordenado,100000,BitonicSort,1,14060600
Ordenado,100000,BitonicSort,1,14639500
Ordenado,100000,BitonicSort,1,15289600
Ordenado,100000,BitonicSort,1,15006600
Ordenado,100000,BitonicSort,1,15994100
Ordenado,100000,BitonicSort,1,15316600
Ordenado,100000,BitonicSort,1,14337100
Ordenado,100000,BitonicSort,1,14368100
Ordenado,100000,BitonicSort,1,15253300
Ordenado,100000,BitonicSort,1,14213200
Ordenado,100000,BitonicSort,1,15104300
Ordenado,100000,BitonicSort,1,13744800
Ordenado,100000,BitonicSort,1,14266700
Ordenado,100000,BitonicSort,1,13657900
Ordenado,100000,BitonicSort,1,14252700
Ordenado,100000,BitonicSort,1,13816400
Ordenado,100000,BitonicSort,1,15540100
Ordenado,100000,BitonicSort,1,14379200
Ordenado,100000,BitonicSort,1,13904900
Ordenado,100000,BitonicSort,1,14631100
Ordenado,100000,BitonicSort,1,16351800
Ordenado,100000,BitonicSort,1,14674700
Ordenado,100000,BitonicSort,1,15300700
Ordenado,100000,BitonicSort,1,13746300
Ordenado,100000,BitonicSort,1,14260000
Ordenado,100000,BitonicSort,1,13955200
Ordenado,100000,BitonicSort,1,14145600
Ordenado,100000,BitonicSort,1,15414600
Ordenado,100000,BitonicSort,1,13962600
Ordenado,100000,BitonicSort,1,14717600
Ordenado,100000,BitonicSort,1,13762000
Ordenado,100000,BitonicSort,1,15780900
Ordenado,100000,BitonicSort,1,13774400
Ordenado,100000,BitonicSort,1,13954700
Ordenado,100000,BitonicSort,1,15426700
Ordenado,100000,BitonicSort,1,13584400
Ordenado,100000,BitonicSort,1,13519600
Ordenado,100000,BitonicSort,1,14453600
Ordenado,100000,BitonicSort,1,14258100
Ordenado,100000,BitonicSort,1,13926400
Ordenado,100000,BitonicSort,1,14839100
Ordenado,100000,BitonicSort,1,13868400
Ordenado,100000,BitonicSort,1,13586700
Ordenado,100000,BitonicSort,1,15217500
Ordenado,100000,BitonicSort,1,13825300
Ordenado,100000,BitonicSort,1,14148300
Ordenado,100000,BitonicSort,1,13624100
Ordenado,100000,BitonicSort,1,15468300
Ordenado,100000,BitonicSort,1,14781600
Ordenado,100000,BitonicSort,1,13723800
Ordenado,100000,BitonicSort,1,13793600
Ordenado,100000,BitonicSort,1,14237100
Ordenado,100000,BitonicSort,1,14383400
Ordenado,100000,BitonicSort,1,14277600
Ordenado,100000,BitonicSort,1,15615900
Ordenado,100000,BitonicSort,1,15566000
Ordenado,100000,BitonicSort,1,15312700
Ordenado,100000,BitonicSort,1,16600900
Ordenado,100000,BitonicSort,1,16088400
Ordenado,100000,BitonicSort,1,15457400
Ordenado,100000,BitonicSort,1,14878800
Ordenado,100000,BitonicSort,1,14912800
Ordenado,100000,BitonicSort,1,15572700
Ordenado,100000,BitonicSort,1,15107000
Ordenado,100000,BitonicSort,1,14390500
Ordenado,100000,BitonicSort,1,14696800
Ordenado,100000,BitonicSort,1,14248800
Ordenado,100000,BitonicSort,1,14561000
Ordenado,100000,BitonicSort,1,14460900
Ordenado,100000,BitonicSort,1,15217400
Ordenado,100000,BitonicSort,1,15670900
Ordenado,100000,BitonicSort,1,15077000
Ordenado,100000,BitonicSort,1,15576600
Ordenado,100000,BitonicSort,1,13775200
Ordenado,100000,BitonicSort,1,13570300
Ordenado,100000,BitonicSort,1,14976700
Ordenado,100000,BitonicSort,1,13861600
Ordenado,100000,BitonicSort,1,13969900
Ordenado,100000,BitonicSort,1,14751600
Ordenado,100000,BitonicSort,1,14806600
Ordenado,100000,BitonicSort,1,15243600
Ordenado,100000,BitonicSort,1,13908200
Ordenado,100000,BitonicSort,1,14235300
Ordenado,100000,BitonicSort,1,13589600
Ordenado,100000,BitonicSort,1,14664100
Ordenado,100000,BitonicSort,1,14410400
Ordenado,100000,BitonicSort,1,14781000
Ordenado,100000,BitonicSort,1,13943200
Ordenado,100000,BitonicSort,1,16724300
Ordenado,100000,BitonicSort,1,14644600
Ordenado,100000,BitonicSort,1,14325900
Ordenado,100000,BitonicSort,1,13897000
Ordenado,100000,BitonicSort,1,14047600
Ordenado,100000,BitonicSort,1,15062500
Ordenado,100000,BitonicSort,1,13647100
Ordenado,100000,BitonicSort,1,13671700
Ordenado,100000,BitonicSort,1,14212500
Ordenado,100000,BitonicSort,1,14034900
Ordenado,100000,BitonicSort,1,14196100
Ordenado,100000,BitonicSort,1,14381800
Ordenado,100000,BitonicSort,1,14156500
Ordenado,100000,BitonicSort,1,15490400
Ordenado,100000,BitonicSort,1,15106200
Ordenado,100000,BitonicSort,1,13872600
Ordenado,100000,BitonicSort,1,15083100
Ordenado,100000,BitonicSort,1,15154200
Ordenado,100000,BitonicSort,1,15539000
Ordenado,100000,BitonicSort,1,13736700
Ordenado,100000,BitonicSort,1,14410600
Ordenado,100000,BitonicSort,1,14737600
Ordenado,100000,BitonicSort,1,13988600
Ordenado,100000,BitonicSort,1,14475300
Ordenado,100000,BitonicSort,1,14063400
Ordenado,100000,BitonicSort,1,14864000
Ordenado,100000,BitonicSort,1,13884000
Ordenado,100000,BitonicSort,1,13624100
Ordenado,100000,BitonicSort,1,14370100
Ordenado,100000,BitonicSort,1,14999200
Ordenado,100000,BitonicSort,1,14479000
Ordenado,100000,BitonicSort,1,13910000
Ordenado,100000,BitonicSort,1,13616300
Ordenado,100000,BitonicSort,1,13740200
Ordenado,100000,BitonicSort,1,14860800
Ordenado,100000,BitonicSort,1,15122500
Ordenado,100000,BitonicSort,1,13659000
Ordenado,100000,BitonicSort,1,13766500
Ordenado,100000,BitonicSort,1,14048500
Ordenado,100000,BitonicSort,1,14323900
Ordenado,100000,BitonicSort,1,13925800
Ordenado,100000,BitonicSort,1,14338100
Ordenado,100000,BitonicSort,1,14890700
Ordenado,100000,BitonicSort,1,13875900
Ordenado,100000,BitonicSort,1,14407700
Ordenado,100000,BitonicSort,1,14399200
Ordenado,100000,BitonicSort,1,14440300
Ordenado,100000,BitonicSort,1,15225300
Ordenado,100000,BitonicSort,1,19379500
Ordenado,100000,BitonicSort,1,16211300
Ordenado,100000,BitonicSort,1,16368200
Ordenado,100000,BitonicSort,1,21743500
Ordenado,100000,BitonicSort,1,21893600
Ordenado,100000,BitonicSort,1,33507100
Ordenado,100000,BitonicSort,1,31521000
Ordenado,100000,BitonicSort,1,24466800
Ordenado,100000,BitonicSort,1,17302900
Ordenado,100000,BitonicSort,1,19168300
Ordenado,100000,BitonicSort,1,32763500
Ordenado,100000,BitonicSort,1,15990700
Ordenado,100000,BitonicSort,1,21358000
Ordenado,100000,BitonicSort,1,18451400
Ordenado,100000,BitonicSort,1,16868300
Ordenado,100000,BitonicSort,1,14561400
Ordenado,100000,BitonicSort,1,13603200
Ordenado,100000,BitonicSort,1,14995900
Ordenado,100000,BitonicSort,1,13564600
Ordenado,100000,BitonicSort,1,14338700
Ordenado,100000,BitonicSort,1,13940400
Ordenado,100000,BitonicSort,1,14395600
Ordenado,100000,BitonicSort,1,14772300
Ordenado,100000,BitonicSort,1,13551200
Ordenado,100000,BitonicSort,1,13796700
Ordenado,100000,BitonicSort,1,13690200
Ordenado,100000,BitonicSort,1,14515400
Ordenado,100000,BitonicSort,1,13591700
Ordenado,100000,BitonicSort,1,13700400
Ordenado,100000,BitonicSort,1,13870000
Ordenado,100000,BitonicSort,1,14073500
Ordenado,100000,BitonicSort,1,13622500
Ordenado,100000,BitonicSort,1,13920400
Ordenado,100000,BitonicSort,1,14570300
Ordenado,100000,BitonicSort,1,14585400
Ordenado,100000,BitonicSort,1,13688100
Ordenado,100000,BitonicSort,1,13938300
Ordenado,100000,BitonicSort,1,14306400
Ordenado,100000,BitonicSort,1,14260100
Ordenado,100000,BitonicSort,1,13841700
Ordenado,100000,BitonicSort,1,14104200
Ordenado,100000,BitonicSort,1,14522500
Ordenado,100000,BitonicSort,1,15538900
Ordenado,100000,BitonicSort,1,14215700
Ordenado,100000,BitonicSort,1,14286400
Ordenado,100000,BitonicSort,1,14153300
Ordenado,100000,BitonicSort,1,14664900
Ordenado,100000,BitonicSort,1,15024500
Ordenado,100000,BitonicSort,1,15863200
Ordenado,100000,BitonicSort,1,14802700
Ordenado,100000,BitonicSort,1,15782700
Ordenado,100000,BitonicSort,1,14646400
Ordenado,100000,BitonicSort,1,14401300
Ordenado,100000,BitonicSort,1,14993000
Ordenado,100000,BitonicSort,1,15351600
Ordenado,100000,BitonicSort,1,15277000
Ordenado,100000,BitonicSort,1,14729900
Ordenado,100000,BitonicSort,1,15294100
Ordenado,100000,BitonicSort,1,14961100
Ordenado,100000,BitonicSort,1,15130700
Ordenado,100000,BitonicSort,1,14711500
Ordenado,100000,BitonicSort,1,15052900
Ordenado,100000,BitonicSort,1,14195200
Ordenado,100000,BitonicSort,1,14538800
Ordenado,100000,BitonicSort,1,14934900
Ordenado,100000,BitonicSort,1,15715400
Ordenado,100000,BitonicSort,1,15185700
Ordenado,100000,BitonicSort,1,15039300
Ordenado,100000,BitonicSort,1,15232800
Ordenado,100000,BitonicSort,1,13947200
Ordenado,100000,BitonicSort,1,13943800
Ordenado,100000,BitonicSort,1,14128000
Ordenado,100000,BitonicSort,1,13791900
Ordenado,100000,BitonicSort,1,15429000
Ordenado,100000,BitonicSort,1,14843700
Ordenado,100000,BitonicSort,1,13718800
Ordenado,100000,BitonicSort,1,14314100
Ordenado,100000,BitonicSort,1,14067800
Ordenado,100000,BitonicSort,1,14341500
Ordenado,100000,BitonicSort,1,14365200
Ordenado,100000,BitonicSort,1,14050400
Ordenado,100000,BitonicSort,1,14527600
Ordenado,100000,BitonicSort,1,14735600
Ordenado,100000,BitonicSort,1,13946400
Ordenado,100000,BitonicSort,1,23113700
Ordenado,100000,BitonicSort,1,14899900
Ordenado,100000,BitonicSort,1,14906300
Ordenado,100000,BitonicSort,1,15128400
Ordenado,100000,BitonicSort,1,14812600
Ordenado,100000,BitonicSort,1,13891300
Ordenado,100000,BitonicSort,1,15160200
Ordenado,100000,BitonicSort,1,14528500
Ordenado,100000,BitonicSort,1,13598600
Ordenado,100000,BitonicSort,1,13580200
Ordenado,100000,BitonicSort,1,14037800
Ordenado,100000,BitonicSort,1,13958900
Ordenado,100000,BitonicSort,1,14884500
Ordenado,100000,BitonicSort,1,14170500
Ordenado,100000,BitonicSort,1,14391600
Ordenado,100000,BitonicSort,1,14316600
Ordenado,100000,BitonicSort,1,13776600
Ordenado,100000,BitonicSort,1,13912800
Ordenado,100000,BitonicSort,1,13890300
Ordenado,100000,BitonicSort,1,15466200
Ordenado,100000,BitonicSort,1,13734900
Ordenado,100000,BitonicSort,1,13668500
Ordenado,100000,BitonicSort,1,14361600
Ordenado,100000,BitonicSort,1,13784000
Ordenado,100000,BitonicSort,1,14472400
Ordenado,100000,BitonicSort,1,13907400
Ordenado,100000,BitonicSort,1,13814300
Ordenado,100000,BitonicSort,1,13544200
Ordenado,100000,BitonicSort,1,13909200
Ordenado,100000,BitonicSort,1,14705600
Ordenado,100000,BitonicSort,1,14631800
Ordenado,100000,BitonicSort,1,14493100
Ordenado,100000,BitonicSort,1,14073500
Ordenado,100000,BitonicSort,1,14590800
Ordenado,100000,BitonicSort,1,14955700
Ordenado,100000,BitonicSort,1,14734600
Ordenado,100000,BitonicSort,1,13728200
Ordenado,100000,BitonicSort,1,14201500
Ordenado,100000,BitonicSort,1,13676800
Ordenado,100000,BitonicSort,1,14378400
Ordenado,100000,BitonicSort,1,13597800
Ordenado,100000,BitonicSort,1,14830900
Ordenado,100000,BitonicSort,1,14655900
Ordenado,100000,BitonicSort,1,14222500
Ordenado,100000,BitonicSort,1,13952100
Ordenado,100000,BitonicSort,1,13632600
Ordenado,100000,BitonicSort,1,14194100
Ordenado,100000,BitonicSort,1,13760200
Ordenado,100000,BitonicSort,1,14583200
Ordenado,100000,BitonicSort,1,14563900
Ordenado,100000,BitonicSort,1,14640800
Ordenado,100000,BitonicSort,1,14488400
Ordenado,100000,BitonicSort,1,13718500
Ordenado,100000,BitonicSort,1,14515100
Ordenado,100000,BitonicSort,1,13673100
Ordenado,100000,BitonicSort,1,14034000
Ordenado,100000,BitonicSort,1,14357400
Ordenado,100000,BitonicSort,1,13710100
Ordenado,100000,BitonicSort,1,13985200
Ordenado,100000,BitonicSort,1,13653800
Ordenado,100000,BitonicSort,1,14684500
Ordenado,100000,BitonicSort,1,14666000
Ordenado,100000,BitonicSort,1,13981900
Ordenado,100000,BitonicSort,1,13720000
Ordenado,100000,BitonicSort,1,14535200
Ordenado,100000,BitonicSort,1,13752000
Ordenado,100000,BitonicSort,1,14177000
Ordenado,100000,BitonicSort,1,14000100
Ordenado,100000,BitonicSort,1,15024600
Ordenado,100000,BitonicSort,1,16344200
Ordenado,100000,BitonicSort,1,14880900
Ordenado,100000,BitonicSort,1,14912800
Ordenado,100000,BitonicSort,1,14883800
Ordenado,100000,BitonicSort,1,14332700
Ordenado,100000,BitonicSort,1,14449400
Ordenado,100000,BitonicSort,1,14258500
Ordenado,100000,BitonicSort,1,14983000
Ordenado,100000,BitonicSort,1,13763200
Ordenado,100000,BitonicSort,1,13708900
Ordenado,100000,BitonicSort,1,15091300
Ordenado,100000,BitonicSort,1,14312700
Ordenado,100000,BitonicSort,1,14219500
Ordenado,100000,BitonicSort,1,13962100
Ordenado,100000,BitonicSort,1,13899000
Ordenado,100000,BitonicSort,1,13833600
Ordenado,100000,BitonicSort,1,14329800
Ordenado,100000,BitonicSort,1,14733600
Ordenado,100000,BitonicSort,1,14742100
Ordenado,100000,BitonicSort,1,15260000
Ordenado,100000,BitonicSort,1,14192100
Ordenado,100000,BitonicSort,1,13572300
Ordenado,100000,BitonicSort,1,13783200
Ordenado,100000,BitonicSort,1,13875900
Ordenado,100000,BitonicSort,1,13673500
Ordenado,100000,BitonicSort,1,13699800
Ordenado,100000,BitonicSort,1,13947400
Ordenado,100000,BitonicSort,1,14206900
Ordenado,100000,BitonicSort,1,13826100
Ordenado,100000,BitonicSort,1,14359100
Ordenado,100000,BitonicSort,1,14995200
Ordenado,100000,BitonicSort,1,15426900
Ordenado,100000,BitonicSort,1,15647900
Ordenado,100000,BitonicSort,1,15248300
Ordenado,100000,BitonicSort,1,15413300
Ordenado,100000,BitonicSort,1,15227800
Ordenado,100000,BitonicSort,1,15123600
Ordenado,100000,BitonicSort,1,15056400
Ordenado,100000,BitonicSort,1,15678300
Ordenado,100000,BitonicSort,1,14999400
Ordenado,100000,BitonicSort,1,14931100
Ordenado,100000,BitonicSort,1,15456400
Ordenado,100000,BitonicSort,1,15167800
Ordenado,100000,BitonicSort,1,14450100
Ordenado,100000,BitonicSort,1,14789600
Ordenado,100000,BitonicSort,1,15134400
Ordenado,100000,BitonicSort,1,14558500
Ordenado,100000,BitonicSort,1,14112200
Ordenado,100000,BitonicSort,1,14044200
Ordenado,100000,BitonicSort,1,14196100
Ordenado,100000,BitonicSort,1,14951000
Ordenado,100000,BitonicSort,1,14904700
Ordenado,100000,BitonicSort,1,14771800
Ordenado,100000,BitonicSort,1,14510200
Ordenado,100000,BitonicSort,1,13584800
Ordenado,100000,BitonicSort,1,14732600
Ordenado,100000,BitonicSort,1,13601800
Ordenado,100000,BitonicSort,1,14331300
Ordenado,100000,BitonicSort,1,14751800
Ordenado,100000,BitonicSort,1,14503100
Ordenado,100000,BitonicSort,1,13732300
Ordenado,100000,BitonicSort,1,13985000
Ordenado,100000,BitonicSort,1,13676200
Ordenado,100000,BitonicSort,1,14239900
Ordenado,100000,BitonicSort,1,14906600
Ordenado,100000,BitonicSort,1,15069900
Ordenado,100000,BitonicSort,1,14519800
Ordenado,100000,BitonicSort,1,13662500
Ordenado,100000,BitonicSort,1,14794400
Ordenado,100000,BitonicSort,1,15621100
Ordenado,100000,BitonicSort,1,14695700
Ordenado,100000,BitonicSort,1,13985400
Ordenado,100000,BitonicSort,1,13752900
Ordenado,100000,BitonicSort,1,14227800
Ordenado,100000,BitonicSort,1,14060100
Ordenado,100000,BitonicSort,1,13545200
Ordenado,100000,BitonicSort,1,15196600
Ordenado,100000,BitonicSort,1,13587600
Ordenado,100000,BitonicSort,1,13958300
Ordenado,100000,BitonicSort,1,14000000
Ordenado,100000,BitonicSort,1,13564100
Ordenado,100000,BitonicSort,1,14496400
Ordenado,100000,BitonicSort,1,14104600
Ordenado,100000,BitonicSort,1,14921700
Ordenado,100000,BitonicSort,1,14048200
Ordenado,100000,BitonicSort,1,14545500
Ordenado,100000,BitonicSort,1,13545400
Ordenado,100000,BitonicSort,1,13967000
Ordenado,100000,BitonicSort,1,13759900
Ordenado,100000,BitonicSort,1,14278000
Ordenado,100000,BitonicSort,1,14264400
Ordenado,100000,BitonicSort,1,13858600
Ordenado,100000,BitonicSort,1,15139600
Ordenado,100000,BitonicSort,1,13871600
Ordenado,100000,BitonicSort,1,14523100
Ordenado,100000,BitonicSort,1,13890100
Ordenado,100000,BitonicSort,1,13972300
Ordenado,100000,BitonicSort,1,13539500
Ordenado,100000,BitonicSort,1,15195800
Ordenado,100000,BitonicSort,1,14576900
Ordenado,100000,BitonicSort,1,14792000
Ordenado,100000,BitonicSort,1,14490700
Ordenado,100000,BitonicSort,1,13867600
Ordenado,100000,BitonicSort,1,13832200
Ordenado,100000,BitonicSort,1,14623300
Ordenado,100000,BitonicSort,1,14980300
Ordenado,100000,BitonicSort,1,13708700
Ordenado,100000,BitonicSort,1,15238100
Ordenado,100000,BitonicSort,1,13603600
Ordenado,100000,BitonicSort,1,14428800
Ordenado,100000,BitonicSort,1,15007600
Ordenado,100000,BitonicSort,1,13667500
Ordenado,100000,BitonicSort,1,13633200
Ordenado,100000,BitonicSort,1,15629500
Ordenado,100000,BitonicSort,1,13920300
Ordenado,100000,BitonicSort,1,13617800
Ordenado,100000,BitonicSort,1,15488200
Ordenado,100000,BitonicSort,1,15591500
Ordenado,100000,BitonicSort,1,13792500
Ordenado,100000,BitonicSort,1,14763800
Ordenado,100000,BitonicSort,1,14702800
Ordenado,100000,BitonicSort,1,14360700
Ordenado,100000,BitonicSort,1,13872500
Ordenado,100000,BitonicSort,1,15063000
Ordenado,100000,BitonicSort,1,13674000
Ordenado,100000,BitonicSort,1,14316500
Ordenado,100000,BitonicSort,1,13838500
Ordenado,100000,BitonicSort,1,14318300
Ordenado,100000,BitonicSort,1,13882400
Ordenado,100000,BitonicSort,1,15174400
Ordenado,100000,BitonicSort,1,13722300
Ordenado,100000,BitonicSort,1,13903500
Ordenado,100000,BitonicSort,1,13996900
Ordenado,100000,BitonicSort,1,14335400
Ordenado,100000,BitonicSort,1,15135200
Ordenado,100000,BitonicSort,1,14366300
Ordenado,100000,BitonicSort,1,14156600
Ordenado,100000,BitonicSort,1,14939400
Ordenado,100000,BitonicSort,1,15897800
Ordenado,100000,BitonicSort,1,15516000
Ordenado,100000,BitonicSort,1,15339900
Ordenado,100000,BitonicSort,1,13892400
Ordenado,100000,BitonicSort,1,14135400
Ordenado,100000,BitonicSort,1,13993200
Ordenado,100000,BitonicSort,1,14184100
Ordenado,100000,BitonicSort,1,15441400
Ordenado,100000,BitonicSort,1,13943200
Ordenado,100000,BitonicSort,1,14394400
Ordenado,100000,BitonicSort,1,14324000
Ordenado,100000,BitonicSort,1,13899400
Ordenado,100000,BitonicSort,1,14136800
Ordenado,100000,BitonicSort,1,15165000
Ordenado,100000,BitonicSort,1,13709600
Ordenado,100000,BitonicSort,1,13852300
Ordenado,100000,BitonicSort,1,14410100
Ordenado,100000,BitonicSort,1,13627100
Ordenado,100000,BitonicSort,1,14268600
Ordenado,100000,BitonicSort,1,14555600
Ordenado,100000,BitonicSort,1,14232200
Ordenado,100000,BitonicSort,1,15369600
Ordenado,100000,BitonicSort,1,13713600
Ordenado,100000,BitonicSort,1,13692500
Ordenado,100000,BitonicSort,1,14029900
Ordenado,100000,BitonicSort,1,14296800
Ordenado,100000,BitonicSort,1,13771000
Ordenado,100000,BitonicSort,1,14542200
Ordenado,100000,BitonicSort,1,15183600
Ordenado,100000,BitonicSort,1,14158300
Ordenado,100000,BitonicSort,1,14407800
Ordenado,100000,BitonicSort,1,14373300
Ordenado,100000,BitonicSort,1,15858800
Ordenado,100000,BitonicSort,1,15173800
Ordenado,100000,BitonicSort,1,14894300
Ordenado,100000,BitonicSort,1,15518800
Ordenado,100000,BitonicSort,1,15239100
Ordenado,100000,BitonicSort,1,14651100
Ordenado,100000,BitonicSort,1,15227900
Ordenado,100000,BitonicSort,1,14619400
Ordenado,100000,BitonicSort,1,15299400
Ordenado,100000,BitonicSort,1,14908300
Ordenado,100000,BitonicSort,1,16069100
Ordenado,100000,BitonicSort,1,14470600
Ordenado,100000,BitonicSort,1,16018900
Ordenado,100000,BitonicSort,1,14969400
Ordenado,100000,BitonicSort,1,15404900
Ordenado,100000,BitonicSort,1,15318000
Ordenado,100000,BitonicSort,1,15662100
Ordenado,100000,BitonicSort,1,14154500
Ordenado,100000,BitonicSort,1,14701600
Ordenado,100000,BitonicSort,1,14654100
Ordenado,100000,BitonicSort,1,15020000
Ordenado,100000,BitonicSort,1,14761900
Ordenado,100000,BitonicSort,1,14122900
Ordenado,100000,BitonicSort,1,13737500
Ordenado,100000,BitonicSort,1,14989700
Ordenado,100000,BitonicSort,1,14610500
Ordenado,100000,BitonicSort,1,13705600
Ordenado,100000,BitonicSort,1,13584800
Ordenado,100000,BitonicSort,1,13792400
Ordenado,100000,BitonicSort,1,15094700
Ordenado,100000,BitonicSort,1,14394400
Ordenado,100000,BitonicSort,1,13552900
Ordenado,100000,BitonicSort,1,13930800
Ordenado,100000,BitonicSort,1,13981500
Ordenado,100000,BitonicSort,1,14797100
Ordenado,100000,BitonicSort,1,14363900
Ordenado,100000,BitonicSort,1,14143200
Ordenado,100000,BitonicSort,1,15261300
Ordenado,100000,BitonicSort,1,15168900
Ordenado,100000,BitonicSort,1,14218100
Ordenado,100000,BitonicSort,1,13711100
Ordenado,100000,BitonicSort,1,15623400
Ordenado,100000,BitonicSort,1,13865900
Ordenado,100000,BitonicSort,1,15418400
Ordenado,100000,BitonicSort,1,13950400
Ordenado,100000,BitonicSort,1,14166100
Ordenado,100000,BitonicSort,1,13688300
Ordenado,100000,BitonicSort,1,15605700
Ordenado,100000,BitonicSort,1,14370400
Ordenado,100000,BitonicSort,1,13669400
Ordenado,100000,BitonicSort,1,14090700
Ordenado,100000,BitonicSort,1,13748800
Ordenado,100000,BitonicSort,1,15432600
Ordenado,100000,BitonicSort,1,13633900
Ordenado,100000,BitonicSort,1,13717300
Ordenado,100000,BitonicSort,1,13686200
Ordenado,100000,BitonicSort,1,15637000
Ordenado,100000,BitonicSort,1,13664100
Ordenado,100000,BitonicSort,1,13578800
Ordenado,100000,BitonicSort,1,13868500
Ordenado,100000,BitonicSort,1,14865200
Ordenado,100000,BitonicSort,1,13683600
Ordenado,100000,BitonicSort,1,15115000
Ordenado,100000,BitonicSort,1,14236200
Ordenado,100000,BitonicSort,1,13666700
Ordenado,100000,BitonicSort,1,13796100
Ordenado,100000,BitonicSort,1,13549000
Ordenado,100000,BitonicSort,1,13788100
Ordenado,100000,BitonicSort,1,13919500
Ordenado,100000,BitonicSort,1,15029700
Ordenado,100000,BitonicSort,1,13587400
Ordenado,100000,BitonicSort,1,14624900
Ordenado,100000,BitonicSort,1,13645400
Ordenado,100000,BitonicSort,1,14243800
Ordenado,100000,BitonicSort,1,14513100
Ordenado,100000,BitonicSort,1,13595800
Ordenado,100000,BitonicSort,1,13833200
Ordenado,100000,BitonicSort,1,13608900
Ordenado,100000,BitonicSort,1,15534900
Ordenado,100000,BitonicSort,1,13825800
Ordenado,100000,BitonicSort,1,14350000
Ordenado,100000,BitonicSort,1,14385400
Ordenado,100000,BitonicSort,1,14460600
Ordenado,100000,BitonicSort,1,14570300
Ordenado,100000,BitonicSort,1,13810300
Ordenado,100000,BitonicSort,1,13868100
Ordenado,100000,BitonicSort,1,13646700
Ordenado,100000,BitonicSort,1,13636300
Ordenado,100000,BitonicSort,1,14743100
Ordenado,100000,BitonicSort,1,14161700
Ordenado,100000,BitonicSort,1,14535600
Ordenado,100000,BitonicSort,1,14536500
Ordenado,100000,BitonicSort,1,14510700
Ordenado,100000,BitonicSort,1,13609900
Ordenado,100000,BitonicSort,1,14865300
Ordenado,100000,BitonicSort,1,13638600
Ordenado,100000,BitonicSort,1,14286300
Ordenado,100000,BitonicSort,1,14849700
Ordenado,100000,BitonicSort,1,13645500
Ordenado,100000,BitonicSort,1,14341700
Ordenado,100000,BitonicSort,1,13921200
Ordenado,100000,BitonicSort,1,13918400
Ordenado,100000,BitonicSort,1,13600400
Ordenado,100000,BitonicSort,1,14262500
Ordenado,100000,BitonicSort,1,13999900
Ordenado,100000,BitonicSort,1,15547400
Ordenado,100000,BitonicSort,1,15236500
Ordenado,100000,BitonicSort,1,14187500
Ordenado,100000,BitonicSort,1,14870100
Ordenado,100000,BitonicSort,1,15187500
Ordenado,100000,BitonicSort,1,13765000
Ordenado,100000,BitonicSort,1,13492200
Ordenado,100000,BitonicSort,1,15213400
Ordenado,100000,BitonicSort,1,14741000
Ordenado,100000,BitonicSort,1,14305900
Ordenado,100000,BitonicSort,1,14997900
Ordenado,100000,BitonicSort,1,14370600
Ordenado,100000,BitonicSort,1,13645800
Ordenado,100000,BitonicSort,1,14695900
Ordenado,100000,BitonicSort,1,13728100
Ordenado,100000,BitonicSort,1,13737400
Ordenado,100000,BitonicSort,1,13615800
Ordenado,100000,BitonicSort,1,13779000
Ordenado,100000,BitonicSort,1,14774100
Ordenado,100000,BitonicSort,1,14708800
Ordenado,100000,BitonicSort,1,13577300
Ordenado,100000,BitonicSort,1,14387400
Ordenado,100000,BitonicSort,1,13692900
Ordenado,100000,BitonicSort,1,13762700
Ordenado,100000,BitonicSort,1,15009100
Ordenado,100000,BitonicSort,1,14634100
Ordenado,100000,BitonicSort,1,13545300
Ordenado,100000,BitonicSort,1,14378400
Ordenado,100000,BitonicSort,1,13729400
Ordenado,100000,BitonicSort,1,13933700
Ordenado,100000,BitonicSort,1,14498000
Ordenado,100000,BitonicSort,1,14378200
Ordenado,100000,BitonicSort,1,14316400
Ordenado,100000,BitonicSort,1,15215100
Ordenado,100000,BitonicSort,1,14512800
Ordenado,100000,BitonicSort,1,14902000
Ordenado,100000,BitonicSort,1,16436300
Ordenado,100000,BitonicSort,1,16163800
Ordenado,100000,BitonicSort,1,15356000
Ordenado,100000,BitonicSort,1,15086800
Ordenado,100000,BitonicSort,1,15470700
Ordenado,100000,BitonicSort,1,14377000
Ordenado,100000,BitonicSort,1,14880700
Ordenado,100000,BitonicSort,1,13907600
Ordenado,100000,BitonicSort,1,13671500
Ordenado,100000,BitonicSort,1,15838800
Ordenado,100000,BitonicSort,1,15993000
Ordenado,100000,BitonicSort,1,15924100
Ordenado,100000,BitonicSort,1,15434900
Ordenado,100000,BitonicSort,1,15266800
Ordenado,100000,BitonicSort,1,16233700
Ordenado,100000,BitonicSort,1,14450400
Ordenado,100000,BitonicSort,1,14056400
Ordenado,100000,BitonicSort,1,13688700
Ordenado,100000,BitonicSort,1,13783000
Ordenado,100000,BitonicSort,1,13744600
Ordenado,100000,BitonicSort,1,14075600
Ordenado,100000,BitonicSort,1,14550200
Ordenado,100000,BitonicSort,1,13638100
Ordenado,100000,BitonicSort,1,13667100
Ordenado,100000,BitonicSort,1,13634400
Ordenado,100000,BitonicSort,1,14664600
Ordenado,100000,BitonicSort,1,14684100
Ordenado,100000,BitonicSort,1,13614000
Ordenado,100000,BitonicSort,1,14103400
Ordenado,100000,BitonicSort,1,14815900
Ordenado,100000,BitonicSort,1,13906100
Ordenado,100000,BitonicSort,1,14642000
Ordenado,100000,BitonicSort,1,14747200
Ordenado,100000,BitonicSort,1,14852700
Ordenado,100000,BitonicSort,1,14069700
Ordenado,100000,BitonicSort,1,14957700
Ordenado,100000,BitonicSort,1,14829600
Ordenado,100000,BitonicSort,1,14449700
Ordenado,100000,BitonicSort,1,14057000
Ordenado,100000,BitonicSort,1,13833400
Ordenado,100000,BitonicSort,1,14991800
Ordenado,100000,BitonicSort,1,14729600
Ordenado,100000,BitonicSort,1,14229600
Ordenado,100000,BitonicSort,1,13543600
Ordenado,100000,BitonicSort,1,13587000
Ordenado,100000,BitonicSort,1,13603000
Ordenado,100000,BitonicSort,1,13504200
Ordenado,100000,BitonicSort,1,14719700
Ordenado,100000,BitonicSort,1,14222200
Ordenado,100000,BitonicSort,1,15332200
Ordenado,100000,BitonicSort,1,14439100
Ordenado,100000,BitonicSort,1,14080300
Ordenado,100000,BitonicSort,1,13863000
Ordenado,100000,BitonicSort,1,14045500
Ordenado,100000,BitonicSort,1,13956300
Ordenado,100000,BitonicSort,1,14005700
Ordenado,100000,BitonicSort,1,13769400
Ordenado,100000,BitonicSort,1,14512700
Ordenado,100000,BitonicSort,1,13775700
Ordenado,100000,BitonicSort,1,13528500
Ordenado,100000,BitonicSort,1,14038900
Ordenado,100000,BitonicSort,1,13602800
Ordenado,100000,BitonicSort,1,15104100
Ordenado,100000,BitonicSort,1,13628400
Ordenado,100000,BitonicSort,1,13702500
Ordenado,100000,BitonicSort,1,14354500
Ordenado,100000,BitonicSort,1,13673000
Ordenado,100000,BitonicSort,1,13712400
Ordenado,100000,BitonicSort,1,13708900
Ordenado,100000,BitonicSort,1,14730300
Ordenado,100000,BitonicSort,1,14238700
Ordenado,100000,BitonicSort,1,13517500
Ordenado,100000,BitonicSort,1,13594600
Ordenado,100000,BitonicSort,1,13755300
Ordenado,100000,BitonicSort,1,13570500
Ordenado,100000,BitonicSort,1,13922700
Ordenado,100000,BitonicSort,1,13736300
Ordenado,100000,BitonicSort,1,13793100
Ordenado,100000,BitonicSort,1,14429600
Ordenado,100000,BitonicSort,1,14384400
Ordenado,100000,BitonicSort,1,13663700
Ordenado,100000,BitonicSort,1,14448200
Ordenado,100000,BitonicSort,1,13680800
Ordenado,100000,BitonicSort,1,14995300
Ordenado,100000,BitonicSort,1,14988300
Ordenado,100000,BitonicSort,1,13713500
Ordenado,100000,BitonicSort,1,13823600
Ordenado,100000,BitonicSort,1,14154400
Ordenado,100000,BitonicSort,1,14210900
Ordenado,100000,BitonicSort,1,14457300
Ordenado,100000,BitonicSort,1,13656400
Ordenado,100000,BitonicSort,1,13796900
Ordenado,100000,BitonicSort,1,14718000
Ordenado,100000,BitonicSort,1,13660800
Ordenado,100000,BitonicSort,1,13634400
Ordenado,100000,BitonicSort,1,13677500
Ordenado,100000,BitonicSort,1,14891500
Ordenado,100000,BitonicSort,1,15188000
Ordenado,100000,BitonicSort,1,13550900
Ordenado,100000,BitonicSort,1,14817200
Ordenado,100000,BitonicSort,1,14844100
Ordenado,100000,BitonicSort,1,13737900
Ordenado,100000,BitonicSort,1,14765800
Ordenado,100000,BitonicSort,1,13680700
Ordenado,100000,BitonicSort,1,13538400
Ordenado,100000,BitonicSort,1,13618200
Ordenado,100000,BitonicSort,1,15118800
Ordenado,100000,BitonicSort,1,15191300
Ordenado,100000,BitonicSort,1,13635700
Ordenado,100000,BitonicSort,1,13717500
Ordenado,100000,BitonicSort,1,14386600
Ordenado,100000,BitonicSort,1,15216800
Ordenado,100000,BitonicSort,1,13658500
Ordenado,100000,BitonicSort,1,15091700
Ordenado,100000,BitonicSort,1,14632100
Ordenado,100000,BitonicSort,1,14899400
Ordenado,100000,BitonicSort,1,13910100
Ordenado,100000,BitonicSort,1,13638200
Ordenado,100000,BitonicSort,1,13640500
Ordenado,100000,BitonicSort,1,13929500
Ordenado,100000,BitonicSort,1,13506400
Ordenado,100000,BitonicSort,1,14806200
Ordenado,100000,BitonicSort,1,14599700
Ordenado,100000,BitonicSort,1,14719100
Ordenado,100000,BitonicSort,1,14994800
Ordenado,100000,BitonicSort,1,14773800
Ordenado,100000,BitonicSort,1,15153900
Ordenado,100000,BitonicSort,1,14078500
Ordenado,100000,BitonicSort,1,13694200
Ordenado,100000,BitonicSort,1,13701500
Ordenado,100000,BitonicSort,1,13617000
Ordenado,100000,BitonicSort,1,14499200
Ordenado,100000,BitonicSort,1,14867800
Ordenado,100000,BitonicSort,1,15164000
Ordenado,100000,BitonicSort,1,15142100
Ordenado,100000,BitonicSort,1,15586200
Ordenado,100000,BitonicSort,1,14867300
Ordenado,100000,BitonicSort,1,15583500
Ordenado,100000,BitonicSort,1,15785200
Ordenado,100000,BitonicSort,1,14738000
Ordenado,100000,BitonicSort,1,14525800
Ordenado,100000,BitonicSort,1,14189800
Ordenado,100000,BitonicSort,1,14371900
Ordenado,100000,BitonicSort,1,14645100
Ordenado,100000,BitonicSort,1,15826500
Ordenado,100000,BitonicSort,1,15150700
Ordenado,100000,BitonicSort,1,15219000
Ordenado,100000,BitonicSort,1,15771600
Ordenado,100000,BitonicSort,1,14858700
Ordenado,100000,BitonicSort,1,14817100
Ordenado,100000,BitonicSort,1,14883600
Ordenado,100000,BitonicSort,1,14423900
Ordenado,100000,BitonicSort,1,14835900
Ordenado,100000,BitonicSort,1,14979500
Ordenado,100000,BitonicSort,1,13856800
Ordenado,100000,BitonicSort,1,15275400
Ordenado,100000,BitonicSort,1,14596400
Ordenado,100000,BitonicSort,1,13893700
Ordenado,100000,BitonicSort,1,13810200
Ordenado,100000,BitonicSort,1,13648000
Ordenado,100000,BitonicSort,1,14164100
Ordenado,100000,BitonicSort,1,13638800
Ordenado,100000,BitonicSort,1,13661500
Ordenado,100000,BitonicSort,1,13652100
Ordenado,100000,BitonicSort,1,13595000
Ordenado,100000,BitonicSort,1,14368200
Ordenado,100000,BitonicSort,1,14131600
Ordenado,100000,BitonicSort,1,13850000
Ordenado,100000,BitonicSort,1,14374800
Ordenado,100000,BitonicSort,1,14622000
Ordenado,100000,BitonicSort,1,14698500
Ordenado,100000,BitonicSort,1,13602600
Ordenado,100000,BitonicSort,1,14957900
Ordenado,100000,BitonicSort,1,13653300
Ordenado,100000,BitonicSort,1,13828000
Ordenado,100000,BitonicSort,1,15114000
Ordenado,100000,BitonicSort,1,14412500
Ordenado,100000,BitonicSort,1,13751600
Ordenado,100000,BitonicSort,1,13723000
Ordenado,100000,BitonicSort,1,13684600
Ordenado,100000,BitonicSort,1,14573700
Ordenado,100000,BitonicSort,1,13874900
Ordenado,100000,BitonicSort,1,14347000
Ordenado,100000,BitonicSort,1,13545000
Ordenado,100000,BitonicSort,1,15075400
Ordenado,100000,BitonicSort,1,14237800
Ordenado,100000,BitonicSort,1,14330400
Ordenado,100000,BitonicSort,1,13914800
Ordenado,100000,BitonicSort,1,14413100
Ordenado,100000,BitonicSort,1,13782900
Ordenado,100000,BitonicSort,1,14573100
Ordenado,100000,BitonicSort,1,13614600
Ordenado,100000,BitonicSort,1,14365700
Ordenado,100000,BitonicSort,1,14046600
Ordenado,100000,BitonicSort,1,14955800
Ordenado,100000,BitonicSort,1,13928500
Ordenado,100000,BitonicSort,1,14343800
Ordenado,100000,BitonicSort,1,13887400
Ordenado,100000,BitonicSort,1,13580000
Ordenado,100000,BitonicSort,1,13930600
Ordenado,100000,BitonicSort,1,15350200
Ordenado,100000,BitonicSort,1,13633500
Ordenado,100000,BitonicSort,1,13627400
Ordenado,100000,BitonicSort,1,14607100
Ordenado,100000,BitonicSort,1,14769800
Ordenado,100000,BitonicSort,1,14005500
Ordenado,100000,BitonicSort,1,13750300
Ordenado,100000,BitonicSort,1,15032900
Ordenado,100000,BitonicSort,1,14104500
Ordenado,100000,BitonicSort,1,14438200
Ordenado,100000,BitonicSort,1,13889900
Ordenado,100000,BitonicSort,1,13740100
Ordenado,100000,BitonicSort,1,13783800
Ordenado,100000,BitonicSort,1,14084700
Ordenado,100000,BitonicSort,1,13613100
Ordenado,100000,BitonicSort,1,15359300
Ordenado,100000,BitonicSort,1,13722400
Ordenado,100000,BitonicSort,1,13865700
Ordenado,100000,BitonicSort,1,21240500
Ordenado,100000,BitonicSort,1,14348700
Ordenado,100000,BitonicSort,1,13880400
Ordenado,100000,BitonicSort,1,14363000
Ordenado,100000,BitonicSort,1,14094500
Ordenado,100000,BitonicSort,1,15253400
Ordenado,100000,BitonicSort,1,14809900
Ordenado,100000,BitonicSort,1,13841700
Ordenado,100000,BitonicSort,1,13702800
Ordenado,100000,BitonicSort,1,13510800
Ordenado,100000,BitonicSort,1,14115700
Ordenado,100000,BitonicSort,1,14401100
Ordenado,100000,BitonicSort,1,14741400
Ordenado,100000,BitonicSort,1,13737600
Ordenado,100000,BitonicSort,1,13986400
Ordenado,100000,BitonicSort,1,15033500
Ordenado,100000,BitonicSort,1,13568300
Ordenado,100000,BitonicSort,1,14031000
Ordenado,100000,BitonicSort,1,13639200
Ordenado,100000,BitonicSort,1,14954200
Ordenado,100000,BitonicSort,1,13853400
Ordenado,100000,BitonicSort,1,13977600
Ordenado,100000,BitonicSort,1,13796600
Ordenado,100000,BitonicSort,1,15080800
Ordenado,100000,BitonicSort,1,14063800
Ordenado,100000,BitonicSort,1,14936800
Ordenado,100000,BitonicSort,1,13834200
Ordenado,100000,BitonicSort,1,15151000
Ordenado,100000,BitonicSort,1,14198600
Ordenado,100000,BitonicSort,1,15046200
Ordenado,100000,BitonicSort,1,13748000
Ordenado,100000,BitonicSort,1,14353400
Ordenado,100000,BitonicSort,1,13669600
Ordenado,100000,BitonicSort,1,13531000
Ordenado,100000,BitonicSort,1,14206100
Ordenado,100000,BitonicSort,1,13660600
Ordenado,100000,BitonicSort,1,13632800
Ordenado,100000,BitonicSort,1,13714800
Ordenado,100000,BitonicSort,1,14304800
Ordenado,100000,BitonicSort,1,13666700
Ordenado,100000,BitonicSort,1,13727900
Ordenado,100000,BitonicSort,1,14194200
Ordenado,100000,BitonicSort,1,15321300
Ordenado,100000,BitonicSort,1,14953800
Ordenado,100000,BitonicSort,1,14584100
Ordenado,100000,BitonicSort,1,13644000
Ordenado,100000,BitonicSort,1,14461400
Ordenado,100000,BitonicSort,1,13686900
Ordenado,100000,BitonicSort,1,13737200
Ordenado,100000,BitonicSort,1,13544800
Ordenado,100000,BitonicSort,1,13914900
Ordenado,100000,BitonicSort,1,13752300
Ordenado,100000,BitonicSort,1,14009200
Ordenado,100000,BitonicSort,1,15119400
Ordenado,100000,BitonicSort,1,15126800
Ordenado,100000,BitonicSort,1,16412100
Ordenado,100000,BitonicSort,1,15632700
Ordenado,100000,BitonicSort,1,14662800
Ordenado,100000,BitonicSort,1,14844300
Ordenado,100000,BitonicSort,1,13987300
Ordenado,100000,BitonicSort,1,13662000
Ordenado,100000,BitonicSort,1,14050800
Ordenado,100000,BitonicSort,1,15471500
Ordenado,100000,BitonicSort,1,14432600
Ordenado,100000,BitonicSort,1,14255000
Ordenado,100000,BitonicSort,1,15550200
Ordenado,100000,BitonicSort,1,14558900
Ordenado,100000,BitonicSort,1,15118600
Ordenado,100000,BitonicSort,1,13950500
Ordenado,100000,BitonicSort,1,14601100
Ordenado,100000,BitonicSort,1,15216100
Ordenado,100000,BitonicSort,1,16027900
Ordenado,100000,BitonicSort,1,15237300
Ordenado,100000,BitonicSort,1,14681700
Ordenado,100000,BitonicSort,1,14987300
Ordenado,100000,BitonicSort,1,14082500
Ordenado,100000,BitonicSort,1,13638800
Ordenado,100000,BitonicSort,1,13603100
Ordenado,100000,BitonicSort,1,14731400
Ordenado,100000,BitonicSort,1,14814500
Ordenado,100000,BitonicSort,1,14385400
Ordenado,100000,BitonicSort,1,14898500
Ordenado,100000,BitonicSort,1,13591500
Ordenado,100000,BitonicSort,1,14073700
Ordenado,100000,BitonicSort,1,15048200
Ordenado,100000,BitonicSort,1,13656900
Ordenado,100000,BitonicSort,1,13601200
Ordenado,100000,BitonicSort,1,13634600
Ordenado,100000,BitonicSort,1,14853000
Ordenado,100000,BitonicSort,1,14978800
Ordenado,100000,BitonicSort,1,14113000
Ordenado,100000,BitonicSort,1,14883600
Ordenado,100000,BitonicSort,1,14247500
Ordenado,100000,BitonicSort,1,15473300
Ordenado,100000,BitonicSort,1,14278100
Ordenado,100000,BitonicSort,1,14439700
Ordenado,100000,BitonicSort,1,16126600
Ordenado,100000,BitonicSort,1,17926600
Ordenado,100000,BitonicSort,1,15320600
Ordenado,100000,BitonicSort,1,14001600
Ordenado,100000,BitonicSort,1,14291400
Ordenado,100000,BitonicSort,1,14184900
Ordenado,100000,BitonicSort,1,13824000
Ordenado,100000,BitonicSort,1,13796900
Ordenado,100000,BitonicSort,1,14539600
Ordenado,100000,BitonicSort,1,14449900
Ordenado,100000,BitonicSort,1,13727900
Ordenado,100000,BitonicSort,1,15194100
Ordenado,100000,BitonicSort,1,14010200
Ordenado,100000,BitonicSort,1,13918100
Ordenado,100000,BitonicSort,1,13947900
Ordenado,100000,BitonicSort,1,13709100
Ordenado,100000,BitonicSort,1,14287500
