Ordenado,100000,CountingSort,1,579200
Ordenado,100000,CountingSort,1,543700
Ordenado,100000,CountingSort,1,536300
Ordenado,100000,CountingSort,1,631900
Ordenado,100000,CountingSort,1,675200
Ordenado,100000,CountingSort,1,604800
Ordenado,100000,CountingSort,1,702900
Ordenado,100000,CountingSort,1,587400
Ordenado,100000,CountingSort,1,1321900
Ordenado,100000,CountingSort,1,702800
Ordenado,100000,CountingSort,1,960200
Ordenado,100000,CountingSort,1,1065100
Ordenado,100000,CountingSort,1,499100
Ordenado,100000,CountingSort,1,535200
Ordenado,100000,CountingSort,1,1404500
Ordenado,100000,CountingSort,1,866700
Ordenado,100000,CountingSort,1,739100
Ordenado,100000,CountingSort,1,484500
Ordenado,100000,CountingSort,1,638700
Ordenado,100000,CountingSort,1,768300
Ordenado,100000,CountingSort,1,545800
Ordenado,100000,CountingSort,1,622600
Ordenado,100000,CountingSort,1,523300
Ordenado,100000,CountingSort,1,846500
Ordenado,100000,CountingSort,1,628200
Ordenado,100000,CountingSort,1,516300
Ordenado,100000,CountingSort,1,494800
Ordenado,100000,CountingSort,1,527000
Ordenado,100000,CountingSort,1,518900
Ordenado,100000,CountingSort,1,486900
Ordenado,100000,CountingSort,1,574400
Ordenado,100000,CountingSort,1,508000
Ordenado,100000,CountingSort,1,664900
Ordenado,100000,CountingSort,1,786900
Ordenado,100000,CountingSort,1,532400
Ordenado,100000,CountingSort,1,574100
Ordenado,100000,CountingSort,1,545500
Ordenado,100000,CountingSort,1,530200
Ordenado,100000,CountingSort,1,531100
Ordenado,100000,CountingSort,1,502100
Ordenado,100000,CountingSort,1,647400
Ordenado,100000,CountingSort,1,524600
Ordenado,100000,CountingSort,1,567300
Ordenado,100000,CountingSort,1,574300
Ordenado,100000,CountingSort,1,592000
Ordenado,100000,CountingSort,1,489400
Ordenado,100000,CountingSort,1,912400
Ordenado,100000,CountingSort,1,591900
Ordenado,100000,CountingSort,1,533300
Ordenado,100000,CountingSort,1,530000
Ordenado,100000,CountingSort,1,529400
Ordenado,100000,CountingSort,1,536300
Ordenado,100000,CountingSort,1,504500
Ordenado,100000,CountingSort,1,530200
Ordenado,100000,CountingSort,1,529700
Ordenado,100000,CountingSort,1,536300
Ordenado,100000,CountingSort,1,525200
Ordenado,100000,CountingSort,1,538900
Ordenado,100000,CountingSort,1,529800
Ordenado,100000,CountingSort,1,539200
Ordenado,100000,CountingSort,1,528200
Ordenado,100000,CountingSort,1,792000
Ordenado,100000,CountingSort,1,550600
Ordenado,100000,CountingSort,1,493000
Ordenado,100000,CountingSort,1,533600
Ordenado,100000,CountingSort,1,539000
Ordenado,100000,CountingSort,1,469000
Ordenado,100000,CountingSort,1,480100
Ordenado,100000,CountingSort,1,492800
Ordenado,100000,CountingSort,1,493000
Ordenado,100000,CountingSort,1,491700
Ordenado,100000,CountingSort,1,496100
Ordenado,100000,CountingSort,1,500900
Ordenado,100000,CountingSort,1,540400
Ordenado,100000,CountingSort,1,672900
Ordenado,100000,CountingSort,1,512800
Ordenado,100000,CountingSort,1,1150000
Ordenado,100000,CountingSort,1,536900
Ordenado,100000,CountingSort,1,505600
Ordenado,100000,CountingSort,1,476800
Ordenado,100000,CountingSort,1,574600
Ordenado,100000,CountingSort,1,512300
Ordenado,100000,CountingSort,1,525300
Ordenado,100000,CountingSort,1,530200
Ordenado,100000,CountingSort,1,534000
Ordenado,100000,CountingSort,1,544500
Ordenado,100000,CountingSort,1,486500
Ordenado,100000,CountingSort,1,526400
Ordenado,100000,CountingSort,1,540200
Ordenado,100000,CountingSort,1,535600
Ordenado,100000,CountingSort,1,675400
Ordenado,100000,CountingSort,1,680200
Ordenado,100000,CountingSort,1,568400
Ordenado,100000,CountingSort,1,501500
Ordenado,100000,CountingSort,1,497800
Ordenado,100000,CountingSort,1,474700
Ordenado,100000,CountingSort,1,5332700
Ordenado,100000,CountingSort,1,1079800
Ordenado,100000,CountingSort,1,2011300
Ordenado,100000,CountingSort,1,1142300
Ordenado,100000,CountingSort,1,1372500
Ordenado,100000,CountingSort,1,580500
Ordenado,100000,CountingSort,1,547300
Ordenado,100000,CountingSort,1,482200
Ordenado,100000,CountingSort,1,496000
Ordenado,100000,CountingSort,1,472000
Ordenado,100000,CountingSort,1,566100
Ordenado,100000,CountingSort,1,662400
Ordenado,100000,CountingSort,1,568300
Ordenado,100000,CountingSort,1,540700
Ordenado,100000,CountingSort,1,512200
Ordenado,100000,CountingSort,1,538800
Ordenado,100000,CountingSort,1,523800
Ordenado,100000,CountingSort,1,508100
Ordenado,100000,CountingSort,1,524900
Ordenado,100000,CountingSort,1,553500
Ordenado,100000,CountingSort,1,563800
Ordenado,100000,CountingSort,1,970400
Ordenado,100000,CountingSort,1,1586600
Ordenado,100000,CountingSort,1,637100
Ordenado,100000,CountingSort,1,813500
Ordenado,100000,CountingSort,1,517400
Ordenado,100000,CountingSort,1,537200
Ordenado,100000,CountingSort,1,479000
Ordenado,100000,CountingSort,1,480000
Ordenado,100000,CountingSort,1,508200
Ordenado,100000,CountingSort,1,525800
Ordenado,100000,CountingSort,1,501700
Ordenado,100000,CountingSort,1,492400
Ordenado,100000,CountingSort,1,498600
Ordenado,100000,CountingSort,1,500400
Ordenado,100000,CountingSort,1,558800
Ordenado,100000,CountingSort,1,478300
Ordenado,100000,CountingSort,1,499000
Ordenado,100000,CountingSort,1,527000
Ordenado,100000,CountingSort,1,685400
Ordenado,100000,CountingSort,1,597600
Ordenado,100000,CountingSort,1,534500
Ordenado,100000,CountingSort,1,547300
Ordenado,100000,CountingSort,1,479500
Ordenado,100000,CountingSort,1,505200
Ordenado,100000,CountingSort,1,503900
Ordenado,100000,CountingSort,1,509000
Ordenado,100000,CountingSort,1,523700
Ordenado,100000,CountingSort,1,684100
Ordenado,100000,CountingSort,1,611600
Ordenado,100000,CountingSort,1,832900
Ordenado,100000,CountingSort,1,590800
Ordenado,100000,CountingSort,1,530300
Ordenado,100000,CountingSort,1,1272000
Ordenado,100000,CountingSort,1,889600
Ordenado,100000,CountingSort,1,486100
Ordenado,100000,CountingSort,1,681400
Ordenado,100000,CountingSort,1,517000
Ordenado,100000,CountingSort,1,560400
Ordenado,100000,CountingSort,1,505300
Ordenado,100000,CountingSort,1,495300
Ordenado,100000,CountingSort,1,477100
Ordenado,100000,CountingSort,1,562300
Ordenado,100000,CountingSort,1,501900
Ordenado,100000,CountingSort,1,523600
Ordenado,100000,CountingSort,1,465200
Ordenado,100000,CountingSort,1,537000
Ordenado,100000,CountingSort,1,504100
Ordenado,100000,CountingSort,1,788300
Ordenado,100000,CountingSort,1,578500
Ordenado,100000,CountingSort,1,531300
Ordenado,100000,CountingSort,1,501900
Ordenado,100000,CountingSort,1,545600
Ordenado,100000,CountingSort,1,573600
Ordenado,100000,CountingSort,1,2139800
Ordenado,100000,CountingSort,1,1454800
Ordenado,100000,CountingSort,1,1043800
Ordenado,100000,CountingSort,1,2726000
Ordenado,100000,CountingSort,1,583900
Ordenado,100000,CountingSort,1,479800
Ordenado,100000,CountingSort,1,1925500
Ordenado,100000,CountingSort,1,1167300
Ordenado,100000,CountingSort,1,540500
Ordenado,100000,CountingSort,1,531400
Ordenado,100000,CountingSort,1,649900
Ordenado,100000,CountingSort,1,580500
Ordenado,100000,CountingSort,1,607700
Ordenado,100000,CountingSort,1,1537300
Ordenado,100000,CountingSort,1,762200
Ordenado,100000,CountingSort,1,566900
Ordenado,100000,CountingSort,1,942800
Ordenado,100000,CountingSort,1,2505700
Ordenado,100000,CountingSort,1,1549900
Ordenado,100000,CountingSort,1,1993400
Ordenado,100000,CountingSort,1,1661500
Ordenado,100000,CountingSort,1,805500
Ordenado,100000,CountingSort,1,1067500
Ordenado,100000,CountingSort,1,618400
Ordenado,100000,CountingSort,1,847100
Ordenado,100000,CountingSort,1,1157300
Ordenado,100000,CountingSort,1,738600
Ordenado,100000,CountingSort,1,576200
Ordenado,100000,CountingSort,1,1124900
Ordenado,100000,CountingSort,1,1359100
Ordenado,100000,CountingSort,1,720000
Ordenado,100000,CountingSort,1,546200
Ordenado,100000,CountingSort,1,1043900
Ordenado,100000,CountingSort,1,4589500
Ordenado,100000,CountingSort,1,1438700
Ordenado,100000,CountingSort,1,2434200
Ordenado,100000,CountingSort,1,943000
Ordenado,100000,CountingSort,1,752700
Ordenado,100000,CountingSort,1,598000
Ordenado,100000,CountingSort,1,953400
Ordenado,100000,CountingSort,1,679500
Ordenado,100000,CountingSort,1,487000
Ordenado,100000,CountingSort,1,1164400
Ordenado,100000,CountingSort,1,1576500
Ordenado,100000,CountingSort,1,1191000
Ordenado,100000,CountingSort,1,695900
Ordenado,100000,CountingSort,1,598000
Ordenado,100000,CountingSort,1,2916700
Ordenado,100000,CountingSort,1,2923100
Ordenado,100000,CountingSort,1,948900
Ordenado,100000,CountingSort,1,994600
Ordenado,100000,CountingSort,1,1861300
Ordenado,100000,CountingSort,1,504300
Ordenado,100000,CountingSort,1,1323200
Ordenado,100000,CountingSort,1,490500
Ordenado,100000,CountingSort,1,457100
Ordenado,100000,CountingSort,1,2016900
Ordenado,100000,CountingSort,1,1464900
Ordenado,100000,CountingSort,1,820200
Ordenado,100000,CountingSort,1,581800
Ordenado,100000,CountingSort,1,545900
Ordenado,100000,CountingSort,1,568400
Ordenado,100000,CountingSort,1,3479500
Ordenado,100000,CountingSort,1,744800
Ordenado,100000,CountingSort,1,1050900
Ordenado,100000,CountingSort,1,494600
Ordenado,100000,CountingSort,1,623700
Ordenado,100000,CountingSort,1,780400
Ordenado,100000,CountingSort,1,487900
Ordenado,100000,CountingSort,1,472800
Ordenado,100000,CountingSort,1,488800
Ordenado,100000,CountingSort,1,474900
Ordenado,100000,CountingSort,1,459500
Ordenado,100000,CountingSort,1,569500
Ordenado,100000,CountingSort,1,655900
Ordenado,100000,CountingSort,1,687000
Ordenado,100000,CountingSort,1,490300
Ordenado,100000,CountingSort,1,518000
Ordenado,100000,CountingSort,1,571500
Ordenado,100000,CountingSort,1,825400
Ordenado,100000,CountingSort,1,502500
Ordenado,100000,CountingSort,1,476200
Ordenado,100000,CountingSort,1,466100
Ordenado,100000,CountingSort,1,465600
Ordenado,100000,CountingSort,1,470300
Ordenado,100000,CountingSort,1,544400
Ordenado,100000,CountingSort,1,591500
Ordenado,100000,CountingSort,1,616900
Ordenado,100000,CountingSort,1,594000
Ordenado,100000,CountingSort,1,501800
Ordenado,100000,CountingSort,1,757100
Ordenado,100000,CountingSort,1,494800
Ordenado,100000,CountingSort,1,726000
Ordenado,100000,CountingSort,1,600500
Ordenado,100000,CountingSort,1,482000
Ordenado,100000,CountingSort,1,476300
Ordenado,100000,CountingSort,1,453900
Ordenado,100000,CountingSort,1,460300
Ordenado,100000,CountingSort,1,456400
Ordenado,100000,CountingSort,1,476100
Ordenado,100000,CountingSort,1,459100
Ordenado,100000,CountingSort,1,482800
Ordenado,100000,CountingSort,1,461100
Ordenado,100000,CountingSort,1,535100
Ordenado,100000,CountingSort,1,459500
Ordenado,100000,CountingSort,1,497100
Ordenado,100000,CountingSort,1,458400
Ordenado,100000,CountingSort,1,557900
Ordenado,100000,CountingSort,1,690500
Ordenado,100000,CountingSort,1,1349700
Ordenado,100000,CountingSort,1,703600
Ordenado,100000,CountingSort,1,587900
Ordenado,100000,CountingSort,1,571200
Ordenado,100000,CountingSort,1,680000
Ordenado,100000,CountingSort,1,2858000
Ordenado,100000,CountingSort,1,595400
Ordenado,100000,CountingSort,1,593300
Ordenado,100000,CountingSort,1,517500
Ordenado,100000,CountingSort,1,1562100
Ordenado,100000,CountingSort,1,1313400
Ordenado,100000,CountingSort,1,673500
Ordenado,100000,CountingSort,1,534200
Ordenado,100000,CountingSort,1,573900
Ordenado,100000,CountingSort,1,622500
Ordenado,100000,CountingSort,1,1367900
Ordenado,100000,CountingSort,1,3092800
Ordenado,100000,CountingSort,1,2928700
Ordenado,100000,CountingSort,1,2711000
Ordenado,100000,CountingSort,1,2290900
Ordenado,100000,CountingSort,1,2646800
Ordenado,100000,CountingSort,1,1146300
Ordenado,100000,CountingSort,1,1211100
Ordenado,100000,CountingSort,1,569700
Ordenado,100000,CountingSort,1,572500
Ordenado,100000,CountingSort,1,507100
Ordenado,100000,CountingSort,1,522000
Ordenado,100000,CountingSort,1,1731000
Ordenado,100000,CountingSort,1,629500
Ordenado,100000,CountingSort,1,710800
Ordenado,100000,CountingSort,1,1265500
Ordenado,100000,CountingSort,1,916800
Ordenado,100000,CountingSort,1,836100
Ordenado,100000,CountingSort,1,563200
Ordenado,100000,CountingSort,1,591400
Ordenado,100000,CountingSort,1,1497500
Ordenado,100000,CountingSort,1,2408900
Ordenado,100000,CountingSort,1,716000
Ordenado,100000,CountingSort,1,1211300
Ordenado,100000,CountingSort,1,1187700
Ordenado,100000,CountingSort,1,608500
Ordenado,100000,CountingSort,1,525800
Ordenado,100000,CountingSort,1,616200
Ordenado,100000,CountingSort,1,493200
Ordenado,100000,CountingSort,1,639900
Ordenado,100000,CountingSort,1,465100
Ordenado,100000,CountingSort,1,611000
Ordenado,100000,CountingSort,1,460200
Ordenado,100000,CountingSort,1,517700
Ordenado,100000,CountingSort,1,459000
Ordenado,100000,CountingSort,1,755700
Ordenado,100000,CountingSort,1,1265700
Ordenado,100000,CountingSort,1,602200
Ordenado,100000,CountingSort,1,465600
Ordenado,100000,CountingSort,1,493500
Ordenado,100000,CountingSort,1,465100
Ordenado,100000,CountingSort,1,480300
Ordenado,100000,CountingSort,1,514900
Ordenado,100000,CountingSort,1,679500
Ordenado,100000,CountingSort,1,536400
Ordenado,100000,CountingSort,1,523600
Ordenado,100000,CountingSort,1,647600
Ordenado,100000,CountingSort,1,545300
Ordenado,100000,CountingSort,1,627600
Ordenado,100000,CountingSort,1,467000
Ordenado,100000,CountingSort,1,856700
Ordenado,100000,CountingSort,1,505600
Ordenado,100000,CountingSort,1,480300
Ordenado,100000,CountingSort,1,461300
Ordenado,100000,CountingSort,1,496100
Ordenado,100000,CountingSort,1,528500
Ordenado,100000,CountingSort,1,2025700
Ordenado,100000,CountingSort,1,1555700
Ordenado,100000,CountingSort,1,876600
Ordenado,100000,CountingSort,1,2199600
Ordenado,100000,CountingSort,1,1592400
Ordenado,100000,CountingSort,1,862100
Ordenado,100000,CountingSort,1,1040600
Ordenado,100000,CountingSort,1,762400
Ordenado,100000,CountingSort,1,557400
Ordenado,100000,CountingSort,1,716300
Ordenado,100000,CountingSort,1,558200
Ordenado,100000,CountingSort,1,573000
Ordenado,100000,CountingSort,1,636300
Ordenado,100000,CountingSort,1,1051000
Ordenado,100000,CountingSort,1,1235800
Ordenado,100000,CountingSort,1,568400
Ordenado,100000,CountingSort,1,4262000
Ordenado,100000,CountingSort,1,1565400
Ordenado,100000,CountingSort,1,1375400
Ordenado,100000,CountingSort,1,630400
Ordenado,100000,CountingSort,1,645000
Ordenado,100000,CountingSort,1,571500
Ordenado,100000,CountingSort,1,574800
Ordenado,100000,CountingSort,1,486900
Ordenado,100000,CountingSort,1,471500
Ordenado,100000,CountingSort,1,479700
Ordenado,100000,CountingSort,1,477500
Ordenado,100000,CountingSort,1,452100
Ordenado,100000,CountingSort,1,520000
Ordenado,100000,CountingSort,1,456300
Ordenado,100000,CountingSort,1,523700
Ordenado,100000,CountingSort,1,457900
Ordenado,100000,CountingSort,1,529100
Ordenado,100000,CountingSort,1,550800
Ordenado,100000,CountingSort,1,629500
Ordenado,100000,CountingSort,1,497900
Ordenado,100000,CountingSort,1,467200
Ordenado,100000,CountingSort,1,519200
Ordenado,100000,CountingSort,1,466300
Ordenado,100000,CountingSort,1,537800
Ordenado,100000,CountingSort,1,752500
Ordenado,100000,CountingSort,1,796100
Ordenado,100000,CountingSort,1,658800
Ordenado,100000,CountingSort,1,513100
Ordenado,100000,CountingSort,1,662200
Ordenado,100000,CountingSort,1,491300
Ordenado,100000,CountingSort,1,572900
Ordenado,100000,CountingSort,1,605100
Ordenado,100000,CountingSort,1,641000
Ordenado,100000,CountingSort,1,490300
Ordenado,100000,CountingSort,1,485100
Ordenado,100000,CountingSort,1,478700
Ordenado,100000,CountingSort,1,462100
Ordenado,100000,CountingSort,1,528300
Ordenado,100000,CountingSort,1,479600
Ordenado,100000,CountingSort,1,673900
Ordenado,100000,CountingSort,1,614300
Ordenado,100000,CountingSort,1,694200
Ordenado,100000,CountingSort,1,574700
Ordenado,100000,CountingSort,1,562800
Ordenado,100000,CountingSort,1,475400
Ordenado,100000,CountingSort,1,570200
Ordenado,100000,CountingSort,1,633700
Ordenado,100000,CountingSort,1,474000
Ordenado,100000,CountingSort,1,579700
Ordenado,100000,CountingSort,1,540300
Ordenado,100000,CountingSort,1,554300
Ordenado,100000,CountingSort,1,454600
Ordenado,100000,CountingSort,1,625000
Ordenado,100000,CountingSort,1,474400
Ordenado,100000,CountingSort,1,455000
Ordenado,100000,CountingSort,1,1053900
Ordenado,100000,CountingSort,1,463800
Ordenado,100000,CountingSort,1,468900
Ordenado,100000,CountingSort,1,462500
Ordenado,100000,CountingSort,1,452700
Ordenado,100000,CountingSort,1,495400
Ordenado,100000,CountingSort,1,489300
Ordenado,100000,CountingSort,1,453000
Ordenado,100000,CountingSort,1,448100
Ordenado,100000,CountingSort,1,458900
Ordenado,100000,CountingSort,1,443100
Ordenado,100000,CountingSort,1,446900
Ordenado,100000,CountingSort,1,441900
Ordenado,100000,CountingSort,1,452400
Ordenado,100000,CountingSort,1,443900
Ordenado,100000,CountingSort,1,450200
Ordenado,100000,CountingSort,1,448000
Ordenado,100000,CountingSort,1,486300
Ordenado,100000,CountingSort,1,475200
Ordenado,100000,CountingSort,1,453200
Ordenado,100000,CountingSort,1,448400
Ordenado,100000,CountingSort,1,451900
Ordenado,100000,CountingSort,1,445600
Ordenado,100000,CountingSort,1,444300
Ordenado,100000,CountingSort,1,496700
Ordenado,100000,CountingSort,1,506500
Ordenado,100000,CountingSort,1,459000
Ordenado,100000,CountingSort,1,452400
Ordenado,100000,CountingSort,1,493500
Ordenado,100000,CountingSort,1,446600
Ordenado,100000,CountingSort,1,452500
Ordenado,100000,CountingSort,1,448200
Ordenado,100000,CountingSort,1,480800
Ordenado,100000,CountingSort,1,492000
Ordenado,100000,CountingSort,1,477000
Ordenado,100000,CountingSort,1,477500
Ordenado,100000,CountingSort,1,473400
Ordenado,100000,CountingSort,1,476900
Ordenado,100000,CountingSort,1,489500
Ordenado,100000,CountingSort,1,449100
Ordenado,100000,CountingSort,1,450700
Ordenado,100000,CountingSort,1,478800
Ordenado,100000,CountingSort,1,456500
Ordenado,100000,CountingSort,1,446100
Ordenado,100000,CountingSort,1,451200
Ordenado,100000,CountingSort,1,450400
Ordenado,100000,CountingSort,1,459200
Ordenado,100000,CountingSort,1,452300
Ordenado,100000,CountingSort,1,456500
Ordenado,100000,CountingSort,1,460300
Ordenado,100000,CountingSort,1,445600
Ordenado,100000,CountingSort,1,449000
Ordenado,100000,CountingSort,1,447800
Ordenado,100000,CountingSort,1,446000
Ordenado,100000,CountingSort,1,447200
Ordenado,100000,CountingSort,1,445600
Ordenado,100000,CountingSort,1,454100
Ordenado,100000,CountingSort,1,457000
Ordenado,100000,CountingSort,1,446100
Ordenado,100000,CountingSort,1,461200
Ordenado,100000,CountingSort,1,455000
Ordenado,100000,CountingSort,1,453200
Ordenado,100000,CountingSort,1,446900
Ordenado,100000,CountingSort,1,451700
Ordenado,100000,CountingSort,1,446300
Ordenado,100000,CountingSort,1,451400
Ordenado,100000,CountingSort,1,445100
Ordenado,100000,CountingSort,1,485100
Ordenado,100000,CountingSort,1,455200
Ordenado,100000,CountingSort,1,451200
Ordenado,100000,CountingSort,1,463500
Ordenado,100000,CountingSort,1,443200
Ordenado,100000,CountingSort,1,445800
Ordenado,100000,CountingSort,1,449100
Ordenado,100000,CountingSort,1,473300
Ordenado,100000,CountingSort,1,451000
Ordenado,100000,CountingSort,1,446500
Ordenado,100000,CountingSort,1,450000
Ordenado,100000,CountingSort,1,448800
Ordenado,100000,CountingSort,1,442500
Ordenado,100000,CountingSort,1,446300
Ordenado,100000,CountingSort,1,476000
Ordenado,100000,CountingSort,1,444200
Ordenado,100000,CountingSort,1,447200
Ordenado,100000,CountingSort,1,448500
Ordenado,100000,CountingSort,1,457100
Ordenado,100000,CountingSort,1,449500
Ordenado,100000,CountingSort,1,445300
Ordenado,100000,CountingSort,1,447300
Ordenado,100000,CountingSort,1,449800
Ordenado,100000,CountingSort,1,449900
Ordenado,100000,CountingSort,1,445800
Ordenado,100000,CountingSort,1,449700
Ordenado,100000,CountingSort,1,446700
Ordenado,100000,CountingSort,1,444900
Ordenado,100000,CountingSort,1,442300
Ordenado,100000,CountingSort,1,447100
Ordenado,100000,CountingSort,1,451900
Ordenado,100000,CountingSort,1,447800
Ordenado,100000,CountingSort,1,446800
Ordenado,100000,CountingSort,1,445400
Ordenado,100000,CountingSort,1,447100
Ordenado,100000,CountingSort,1,452700
Ordenado,100000,CountingSort,1,447100
Ordenado,100000,CountingSort,1,442200
Ordenado,100000,CountingSort,1,448900
Ordenado,100000,CountingSort,1,453500
Ordenado,100000,CountingSort,1,446300
Ordenado,100000,CountingSort,1,444100
Ordenado,100000,CountingSort,1,464100
Ordenado,100000,CountingSort,1,448100
Ordenado,100000,CountingSort,1,440200
Ordenado,100000,CountingSort,1,447400
Ordenado,100000,CountingSort,1,441600
Ordenado,100000,CountingSort,1,443600
Ordenado,100000,CountingSort,1,445500
Ordenado,100000,CountingSort,1,462600
Ordenado,100000,CountingSort,1,447500
Ordenado,100000,CountingSort,1,447200
Ordenado,100000,CountingSort,1,450600
Ordenado,100000,CountingSort,1,442100
Ordenado,100000,CountingSort,1,446000
Ordenado,100000,CountingSort,1,443400
Ordenado,100000,CountingSort,1,440300
Ordenado,100000,CountingSort,1,444100
Ordenado,100000,CountingSort,1,448500
Ordenado,100000,CountingSort,1,460200
Ordenado,100000,CountingSort,1,446300
Ordenado,100000,CountingSort,1,450800
Ordenado,100000,CountingSort,1,442800
Ordenado,100000,CountingSort,1,444300
Ordenado,100000,CountingSort,1,457800
Ordenado,100000,CountingSort,1,443700
Ordenado,100000,CountingSort,1,469500
Ordenado,100000,CountingSort,1,460300
Ordenado,100000,CountingSort,1,454300
Ordenado,100000,CountingSort,1,445300
Ordenado,100000,CountingSort,1,446000
Ordenado,100000,CountingSort,1,443100
Ordenado,100000,CountingSort,1,444500
Ordenado,100000,CountingSort,1,454800
Ordenado,100000,CountingSort,1,446300
Ordenado,100000,CountingSort,1,452400
Ordenado,100000,CountingSort,1,457600
Ordenado,100000,CountingSort,1,456900
Ordenado,100000,CountingSort,1,451200
Ordenado,100000,CountingSort,1,448800
Ordenado,100000,CountingSort,1,454000
Ordenado,100000,CountingSort,1,446200
Ordenado,100000,CountingSort,1,447300
Ordenado,100000,CountingSort,1,451600
Ordenado,100000,CountingSort,1,439300
Ordenado,100000,CountingSort,1,456800
Ordenado,100000,CountingSort,1,448300
Ordenado,100000,CountingSort,1,480400
Ordenado,100000,CountingSort,1,443200
Ordenado,100000,CountingSort,1,450100
Ordenado,100000,CountingSort,1,444300
Ordenado,100000,CountingSort,1,446600
Ordenado,100000,CountingSort,1,442200
Ordenado,100000,CountingSort,1,449500
Ordenado,100000,CountingSort,1,446500
Ordenado,100000,CountingSort,1,446100
Ordenado,100000,CountingSort,1,443200
Ordenado,100000,CountingSort,1,448400
Ordenado,100000,CountingSort,1,450300
Ordenado,100000,CountingSort,1,452300
Ordenado,100000,CountingSort,1,448100
Ordenado,100000,CountingSort,1,446400
Ordenado,100000,CountingSort,1,445900
Ordenado,100000,CountingSort,1,440600
Ordenado,100000,CountingSort,1,469400
Ordenado,100000,CountingSort,1,457300
Ordenado,100000,CountingSort,1,449000
Ordenado,100000,CountingSort,1,481500
Ordenado,100000,CountingSort,1,449300
Ordenado,100000,CountingSort,1,449000
Ordenado,100000,CountingSort,1,445100
Ordenado,100000,CountingSort,1,468500
Ordenado,100000,CountingSort,1,524600
Ordenado,100000,CountingSort,1,455900
Ordenado,100000,CountingSort,1,456100
Ordenado,100000,CountingSort,1,604800
Ordenado,100000,CountingSort,1,473500
Ordenado,100000,CountingSort,1,474400
Ordenado,100000,CountingSort,1,546700
Ordenado,100000,CountingSort,1,544300
Ordenado,100000,CountingSort,1,504100
Ordenado,100000,CountingSort,1,529400
Ordenado,100000,CountingSort,1,518300
Ordenado,100000,CountingSort,1,491000
Ordenado,100000,CountingSort,1,458500
Ordenado,100000,CountingSort,1,472400
Ordenado,100000,CountingSort,1,449000
Ordenado,100000,CountingSort,1,451900
Ordenado,100000,CountingSort,1,448200
Ordenado,100000,CountingSort,1,451800
Ordenado,100000,CountingSort,1,488400
Ordenado,100000,CountingSort,1,498800
Ordenado,100000,CountingSort,1,489400
Ordenado,100000,CountingSort,1,472500
Ordenado,100000,CountingSort,1,475400
Ordenado,100000,CountingSort,1,467500
Ordenado,100000,CountingSort,1,460500
Ordenado,100000,CountingSort,1,449600
Ordenado,100000,CountingSort,1,456600
Ordenado,100000,CountingSort,1,459900
Ordenado,100000,CountingSort,1,449500
Ordenado,100000,CountingSort,1,444800
Ordenado,100000,CountingSort,1,442300
Ordenado,100000,CountingSort,1,441700
Ordenado,100000,CountingSort,1,443500
Ordenado,100000,CountingSort,1,487200
Ordenado,100000,CountingSort,1,452300
Ordenado,100000,CountingSort,1,451900
Ordenado,100000,CountingSort,1,487900
Ordenado,100000,CountingSort,1,486500
Ordenado,100000,CountingSort,1,450800
Ordenado,100000,CountingSort,1,441000
Ordenado,100000,CountingSort,1,443800
Ordenado,100000,CountingSort,1,448100
Ordenado,100000,CountingSort,1,449100
Ordenado,100000,CountingSort,1,443500
Ordenado,100000,CountingSort,1,450000
Ordenado,100000,CountingSort,1,481000
Ordenado,100000,CountingSort,1,452600
Ordenado,100000,CountingSort,1,499400
Ordenado,100000,CountingSort,1,496500
Ordenado,100000,CountingSort,1,462000
Ordenado,100000,CountingSort,1,501000
Ordenado,100000,CountingSort,1,462700
Ordenado,100000,CountingSort,1,455400
Ordenado,100000,CountingSort,1,485100
Ordenado,100000,CountingSort,1,467800
Ordenado,100000,CountingSort,1,448700
Ordenado,100000,CountingSort,1,442900
Ordenado,100000,CountingSort,1,480400
Ordenado,100000,CountingSort,1,465200
Ordenado,100000,CountingSort,1,449400
Ordenado,100000,CountingSort,1,464200
Ordenado,100000,CountingSort,1,486300
Ordenado,100000,CountingSort,1,481100
Ordenado,100000,CountingSort,1,506500
Ordenado,100000,CountingSort,1,469800
Ordenado,100000,CountingSort,1,492800
Ordenado,100000,CountingSort,1,460700
Ordenado,100000,CountingSort,1,460800
Ordenado,100000,CountingSort,1,448100
Ordenado,100000,CountingSort,1,488400
Ordenado,100000,CountingSort,1,454300
Ordenado,100000,CountingSort,1,456900
Ordenado,100000,CountingSort,1,448100
Ordenado,100000,CountingSort,1,495200
Ordenado,100000,CountingSort,1,461200
Ordenado,100000,CountingSort,1,453400
Ordenado,100000,CountingSort,1,455600
Ordenado,100000,CountingSort,1,493600
Ordenado,100000,CountingSort,1,450800
Ordenado,100000,CountingSort,1,480800
Ordenado,100000,CountingSort,1,514900
Ordenado,100000,CountingSort,1,465100
Ordenado,100000,CountingSort,1,462900
Ordenado,100000,CountingSort,1,465100
Ordenado,100000,CountingSort,1,452600
Ordenado,100000,CountingSort,1,483100
Ordenado,100000,CountingSort,1,459700
Ordenado,100000,CountingSort,1,474900
Ordenado,100000,CountingSort,1,562100
Ordenado,100000,CountingSort,1,519200
Ordenado,100000,CountingSort,1,522400
Ordenado,100000,CountingSort,1,458500
Ordenado,100000,CountingSort,1,501700
Ordenado,100000,CountingSort,1,459800
Ordenado,100000,CountingSort,1,490500
Ordenado,100000,CountingSort,1,455300
Ordenado,100000,CountingSort,1,502000
Ordenado,100000,CountingSort,1,447300
Ordenado,100000,CountingSort,1,462500
Ordenado,100000,CountingSort,1,445200
Ordenado,100000,CountingSort,1,444900
Ordenado,100000,CountingSort,1,485200
Ordenado,100000,CountingSort,1,456400
Ordenado,100000,CountingSort,1,493200
Ordenado,100000,CountingSort,1,458800
Ordenado,100000,CountingSort,1,485400
Ordenado,100000,CountingSort,1,486300
Ordenado,100000,CountingSort,1,462500
Ordenado,100000,CountingSort,1,502700
Ordenado,100000,CountingSort,1,456300
Ordenado,100000,CountingSort,1,473600
Ordenado,100000,CountingSort,1,460900
Ordenado,100000,CountingSort,1,457400
Ordenado,100000,CountingSort,1,443600
Ordenado,100000,CountingSort,1,495700
Ordenado,100000,CountingSort,1,444200
Ordenado,100000,CountingSort,1,446000
Ordenado,100000,CountingSort,1,443800
Ordenado,100000,CountingSort,1,456500
Ordenado,100000,CountingSort,1,459000
Ordenado,100000,CountingSort,1,453400
Ordenado,100000,CountingSort,1,443500
Ordenado,100000,CountingSort,1,489300
Ordenado,100000,CountingSort,1,477400
Ordenado,100000,CountingSort,1,451400
Ordenado,100000,CountingSort,1,491500
Ordenado,100000,CountingSort,1,489600
Ordenado,100000,CountingSort,1,454700
Ordenado,100000,CountingSort,1,464000
Ordenado,100000,CountingSort,1,495500
Ordenado,100000,CountingSort,1,495000
Ordenado,100000,CountingSort,1,495500
Ordenado,100000,CountingSort,1,463300
Ordenado,100000,CountingSort,1,492000
Ordenado,100000,CountingSort,1,485700
Ordenado,100000,CountingSort,1,539900
Ordenado,100000,CountingSort,1,492200
Ordenado,100000,CountingSort,1,486200
Ordenado,100000,CountingSort,1,494200
Ordenado,100000,CountingSort,1,496200
Ordenado,100000,CountingSort,1,499300
Ordenado,100000,CountingSort,1,487100
Ordenado,100000,CountingSort,1,464100
Ordenado,100000,CountingSort,1,450400
Ordenado,100000,CountingSort,1,454600
Ordenado,100000,CountingSort,1,441800
Ordenado,100000,CountingSort,1,452400
Ordenado,100000,CountingSort,1,457100
Ordenado,100000,CountingSort,1,495300
Ordenado,100000,CountingSort,1,449500
Ordenado,100000,CountingSort,1,457500
Ordenado,100000,CountingSort,1,445700
Ordenado,100000,CountingSort,1,455400
Ordenado,100000,CountingSort,1,493200
Ordenado,100000,CountingSort,1,463200
Ordenado,100000,CountingSort,1,462500
Ordenado,100000,CountingSort,1,445100
Ordenado,100000,CountingSort,1,454900
Ordenado,100000,CountingSort,1,445700
Ordenado,100000,CountingSort,1,445500
Ordenado,100000,CountingSort,1,447100
Ordenado,100000,CountingSort,1,481000
Ordenado,100000,CountingSort,1,455900
Ordenado,100000,CountingSort,1,444600
Ordenado,100000,CountingSort,1,446500
Ordenado,100000,CountingSort,1,476100
Ordenado,100000,CountingSort,1,453500
Ordenado,100000,CountingSort,1,445300
Ordenado,100000,CountingSort,1,504600
Ordenado,100000,CountingSort,1,463500
Ordenado,100000,CountingSort,1,459300
Ordenado,100000,CountingSort,1,458700
Ordenado,100000,CountingSort,1,451100
Ordenado,100000,CountingSort,1,480200
Ordenado,100000,CountingSort,1,459400
Ordenado,100000,CountingSort,1,486900
Ordenado,100000,CountingSort,1,490200
Ordenado,100000,CountingSort,1,916700
Ordenado,100000,CountingSort,1,624100
Ordenado,100000,CountingSort,1,539700
Ordenado,100000,CountingSort,1,621400
Ordenado,100000,CountingSort,1,467000
Ordenado,100000,CountingSort,1,541400
Ordenado,100000,CountingSort,1,475200
Ordenado,100000,CountingSort,1,464400
Ordenado,100000,CountingSort,1,493500
Ordenado,100000,CountingSort,1,570100
Ordenado,100000,CountingSort,1,455700
Ordenado,100000,CountingSort,1,460500
Ordenado,100000,CountingSort,1,457400
Ordenado,100000,CountingSort,1,450300
Ordenado,100000,CountingSort,1,446000
Ordenado,100000,CountingSort,1,453100
Ordenado,100000,CountingSort,1,445000
Ordenado,100000,CountingSort,1,463900
Ordenado,100000,CountingSort,1,449900
Ordenado,100000,CountingSort,1,448600
Ordenado,100000,CountingSort,1,461000
Ordenado,100000,CountingSort,1,510100
Ordenado,100000,CountingSort,1,456900
Ordenado,100000,CountingSort,1,466600
Ordenado,100000,CountingSort,1,451800
Ordenado,100000,CountingSort,1,450800
Ordenado,100000,CountingSort,1,492800
Ordenado,100000,CountingSort,1,469200
Ordenado,100000,CountingSort,1,531300
Ordenado,100000,CountingSort,1,455900
Ordenado,100000,CountingSort,1,448000
Ordenado,100000,CountingSort,1,457700
Ordenado,100000,CountingSort,1,464800
Ordenado,100000,CountingSort,1,458600
Ordenado,100000,CountingSort,1,449900
Ordenado,100000,CountingSort,1,454500
Ordenado,100000,CountingSort,1,452600
Ordenado,100000,CountingSort,1,446500
Ordenado,100000,CountingSort,1,484900
Ordenado,100000,CountingSort,1,456500
Ordenado,100000,CountingSort,1,451800
Ordenado,100000,CountingSort,1,447800
Ordenado,100000,CountingSort,1,544700
Ordenado,100000,CountingSort,1,463400
Ordenado,100000,CountingSort,1,464800
Ordenado,100000,CountingSort,1,541200
Ordenado,100000,CountingSort,1,540600
Ordenado,100000,CountingSort,1,542500
Ordenado,100000,CountingSort,1,548000
Ordenado,100000,CountingSort,1,457400
Ordenado,100000,CountingSort,1,453400
Ordenado,100000,CountingSort,1,459100
Ordenado,100000,CountingSort,1,453000
Ordenado,100000,CountingSort,1,441000
Ordenado,100000,CountingSort,1,445900
Ordenado,100000,CountingSort,1,451900
Ordenado,100000,CountingSort,1,450000
Ordenado,100000,CountingSort,1,473400
Ordenado,100000,CountingSort,1,471200
Ordenado,100000,CountingSort,1,454100
Ordenado,100000,CountingSort,1,446100
Ordenado,100000,CountingSort,1,454400
Ordenado,100000,CountingSort,1,445500
Ordenado,100000,CountingSort,1,465500
Ordenado,100000,CountingSort,1,455600
Ordenado,100000,CountingSort,1,463900
Ordenado,100000,CountingSort,1,446200
Ordenado,100000,CountingSort,1,460000
Ordenado,100000,CountingSort,1,454200
Ordenado,100000,CountingSort,1,442800
Ordenado,100000,CountingSort,1,460400
Ordenado,100000,CountingSort,1,448800
Ordenado,100000,CountingSort,1,449500
Ordenado,100000,CountingSort,1,443900
Ordenado,100000,CountingSort,1,444000
Ordenado,100000,CountingSort,1,459600
Ordenado,100000,CountingSort,1,442400
Ordenado,100000,CountingSort,1,478000
Ordenado,100000,CountingSort,1,458500
Ordenado,100000,CountingSort,1,450800
Ordenado,100000,CountingSort,1,450100
Ordenado,100000,CountingSort,1,440300
Ordenado,100000,CountingSort,1,445400
Ordenado,100000,CountingSort,1,447700
Ordenado,100000,CountingSort,1,449100
Ordenado,100000,CountingSort,1,449700
Ordenado,100000,CountingSort,1,456300
Ordenado,100000,CountingSort,1,462000
Ordenado,100000,CountingSort,1,490400
Ordenado,100000,CountingSort,1,462900
Ordenado,100000,CountingSort,1,457700
Ordenado,100000,CountingSort,1,576800
Ordenado,100000,CountingSort,1,544700
Ordenado,100000,CountingSort,1,539900
Ordenado,100000,CountingSort,1,581700
Ordenado,100000,CountingSort,1,569700
Ordenado,100000,CountingSort,1,543000
Ordenado,100000,CountingSort,1,546800
Ordenado,100000,CountingSort,1,544200
Ordenado,100000,CountingSort,1,448900
Ordenado,100000,CountingSort,1,446200
Ordenado,100000,CountingSort,1,443800
Ordenado,100000,CountingSort,1,443500
Ordenado,100000,CountingSort,1,465900
Ordenado,100000,CountingSort,1,440300
Ordenado,100000,CountingSort,1,450000
Ordenado,100000,CountingSort,1,452200
Ordenado,100000,CountingSort,1,442300
Ordenado,100000,CountingSort,1,447300
Ordenado,100000,CountingSort,1,447700
Ordenado,100000,CountingSort,1,444800
Ordenado,100000,CountingSort,1,479700
Ordenado,100000,CountingSort,1,455200
Ordenado,100000,CountingSort,1,450300
Ordenado,100000,CountingSort,1,455900
Ordenado,100000,CountingSort,1,507800
Ordenado,100000,CountingSort,1,463400
Ordenado,100000,CountingSort,1,460500
Ordenado,100000,CountingSort,1,445400
Ordenado,100000,CountingSort,1,493100
Ordenado,100000,CountingSort,1,466600
Ordenado,100000,CountingSort,1,493900
Ordenado,100000,CountingSort,1,487400
Ordenado,100000,CountingSort,1,475500
Ordenado,100000,CountingSort,1,464000
Ordenado,100000,CountingSort,1,469600
Ordenado,100000,CountingSort,1,456800
Ordenado,100000,CountingSort,1,486400
Ordenado,100000,CountingSort,1,456200
Ordenado,100000,CountingSort,1,448900
Ordenado,100000,CountingSort,1,454500
Ordenado,100000,CountingSort,1,466300
Ordenado,100000,CountingSort,1,454700
Ordenado,100000,CountingSort,1,441600
Ordenado,100000,CountingSort,1,445800
Ordenado,100000,CountingSort,1,490400
Ordenado,100000,CountingSort,1,491900
Ordenado,100000,CountingSort,1,468400
Ordenado,100000,CountingSort,1,442600
Ordenado,100000,CountingSort,1,487100
Ordenado,100000,CountingSort,1,458900
Ordenado,100000,CountingSort,1,491500
Ordenado,100000,CountingSort,1,543900
Ordenado,100000,CountingSort,1,580700
Ordenado,100000,CountingSort,1,559800
Ordenado,100000,CountingSort,1,566200
Ordenado,100000,CountingSort,1,548700
Ordenado,100000,CountingSort,1,583900
Ordenado,100000,CountingSort,1,570700
Ordenado,100000,CountingSort,1,1120700
Ordenado,100000,CountingSort,1,527300
Ordenado,100000,CountingSort,1,506000
Ordenado,100000,CountingSort,1,487200
Ordenado,100000,CountingSort,1,502200
Ordenado,100000,CountingSort,1,488900
Ordenado,100000,CountingSort,1,456900
Ordenado,100000,CountingSort,1,494500
Ordenado,100000,CountingSort,1,482600
Ordenado,100000,CountingSort,1,481100
Ordenado,100000,CountingSort,1,494400
Ordenado,100000,CountingSort,1,485300
Ordenado,100000,CountingSort,1,541400
Ordenado,100000,CountingSort,1,524200
Ordenado,100000,CountingSort,1,488000
Ordenado,100000,CountingSort,1,494300
Ordenado,100000,CountingSort,1,487700
Ordenado,100000,CountingSort,1,480600
Ordenado,100000,CountingSort,1,503200
Ordenado,100000,CountingSort,1,490100
Ordenado,100000,CountingSort,1,487900
Ordenado,100000,CountingSort,1,481500
Ordenado,100000,CountingSort,1,504600
Ordenado,100000,CountingSort,1,489000
Ordenado,100000,CountingSort,1,486600
Ordenado,100000,CountingSort,1,482200
Ordenado,100000,CountingSort,1,488100
Ordenado,100000,CountingSort,1,490000
Ordenado,100000,CountingSort,1,484800
Ordenado,100000,CountingSort,1,464500
Ordenado,100000,CountingSort,1,514700
Ordenado,100000,CountingSort,1,633000
Ordenado,100000,CountingSort,1,528600
Ordenado,100000,CountingSort,1,559400
Ordenado,100000,CountingSort,1,456300
Ordenado,100000,CountingSort,1,506200
Ordenado,100000,CountingSort,1,1277900
Ordenado,100000,CountingSort,1,892600
Ordenado,100000,CountingSort,1,615900
Ordenado,100000,CountingSort,1,587000
Ordenado,100000,CountingSort,1,1301200
Ordenado,100000,CountingSort,1,616600
Ordenado,100000,CountingSort,1,895300
Ordenado,100000,CountingSort,1,528200
Ordenado,100000,CountingSort,1,533600
Ordenado,100000,CountingSort,1,592900
Ordenado,100000,CountingSort,1,487600
Ordenado,100000,CountingSort,1,508200
Ordenado,100000,CountingSort,1,554800
Ordenado,100000,CountingSort,1,494200
Ordenado,100000,CountingSort,1,586500
Ordenado,100000,CountingSort,1,600200
Ordenado,100000,CountingSort,1,580900
Ordenado,100000,CountingSort,1,567900
Ordenado,100000,CountingSort,1,576600
Ordenado,100000,CountingSort,1,575700
Ordenado,100000,CountingSort,1,582900
Ordenado,100000,CountingSort,1,486000
Ordenado,100000,CountingSort,1,500100
Ordenado,100000,CountingSort,1,485900
Ordenado,100000,CountingSort,1,496000
Ordenado,100000,CountingSort,1,487500
Ordenado,100000,CountingSort,1,497700
Ordenado,100000,CountingSort,1,582500
Ordenado,100000,CountingSort,1,554000
Ordenado,100000,CountingSort,1,545700
Ordenado,100000,CountingSort,1,529000
Ordenado,100000,CountingSort,1,529700
Ordenado,100000,CountingSort,1,539200
Ordenado,100000,CountingSort,1,510900
Ordenado,100000,CountingSort,1,531300
Ordenado,100000,CountingSort,1,516500
Ordenado,100000,CountingSort,1,787300
Ordenado,100000,CountingSort,1,482100
