Inverso,100000,RankSort,4,264768700
Inverso,100000,RankSort,4,279333400
Inverso,100000,RankSort,4,278588100
Inverso,100000,RankSort,4,269993000
Inverso,100000,RankSort,4,261542400
Inverso,100000,RankSort,4,258722500
Inverso,100000,RankSort,4,250951500
Inverso,100000,RankSort,4,255316100
Inverso,100000,RankSort,4,425452500
Inverso,100000,RankSort,4,265269300
Inverso,100000,RankSort,4,269612200
Inverso,100000,RankSort,4,271624000
Inverso,100000,RankSort,4,262263500
Inverso,100000,RankSort,4,275620400
Inverso,100000,RankSort,4,261772800
Inverso,100000,RankSort,4,264854700
Inverso,100000,RankSort,4,262425900
Inverso,100000,RankSort,4,268354900
Inverso,100000,RankSort,4,258853100
Inverso,100000,RankSort,4,278102300
Inverso,100000,RankSort,4,276906400
Inverso,100000,RankSort,4,316050000
Inverso,100000,RankSort,4,259047700
Inverso,100000,RankSort,4,255285500
Inverso,100000,RankSort,4,262856900
Inverso,100000,RankSort,4,256201400
Inverso,100000,RankSort,4,245263300
Inverso,100000,RankSort,4,262273300
Inverso,100000,RankSort,4,259441200
Inverso,100000,RankSort,4,264234900
Inverso,100000,RankSort,4,245554900
Inverso,100000,RankSort,4,259460200
Inverso,100000,RankSort,4,249011800
Inverso,100000,RankSort,4,427114600
Inverso,100000,RankSort,4,270441000
Inverso,100000,RankSort,4,258934700
Inverso,100000,RankSort,4,253905600
Inverso,100000,RankSort,4,246369400
Inverso,100000,RankSort,4,256875700
Inverso,100000,RankSort,4,259255800
Inverso,100000,RankSort,4,254533600
Inverso,100000,RankSort,4,286151300
Inverso,100000,RankSort,4,249539800
Inverso,100000,RankSort,4,255454600
Inverso,100000,RankSort,4,244046700
Inverso,100000,RankSort,4,255086200
Inverso,100000,RankSort,4,256375400
Inverso,100000,RankSort,4,260786200
Inverso,100000,RankSort,4,258383500
Inverso,100000,RankSort,4,258753300
Inverso,100000,RankSort,4,258307200
Inverso,100000,RankSort,4,248010800
Inverso,100000,RankSort,4,244710700
Inverso,100000,RankSort,4,254782900
Inverso,100000,RankSort,4,271648300
Inverso,100000,RankSort,4,264120400
Inverso,100000,RankSort,4,246287300
Inverso,100000,RankSort,4,250595800
Inverso,100000,RankSort,4,254307800
Inverso,100000,RankSort,4,265003700
Inverso,100000,RankSort,4,274805200
Inverso,100000,RankSort,4,289581600
Inverso,100000,RankSort,4,256840000
Inverso,100000,RankSort,4,251770800
Inverso,100000,RankSort,4,277242400
Inverso,100000,RankSort,4,254114400
Inverso,100000,RankSort,4,264584200
Inverso,100000,RankSort,4,260176800
Inverso,100000,RankSort,4,253309200
Inverso,100000,RankSort,4,260025500
Inverso,100000,RankSort,4,248327600
Inverso,100000,RankSort,4,276453900
Inverso,100000,RankSort,4,265399900
Inverso,100000,RankSort,4,243382700
Inverso,100000,RankSort,4,266411100
Inverso,100000,RankSort,4,258649600
Inverso,100000,RankSort,4,263035800
Inverso,100000,RankSort,4,249915700
Inverso,100000,RankSort,4,252834700
Inverso,100000,RankSort,4,268045600
Inverso,100000,RankSort,4,260028200
Inverso,100000,RankSort,4,299631100
Inverso,100000,RankSort,4,424711500
Inverso,100000,RankSort,4,255820000
Inverso,100000,RankSort,4,255658700
Inverso,100000,RankSort,4,257065000
Inverso,100000,RankSort,4,274001000
Inverso,100000,RankSort,4,253641300
Inverso,100000,RankSort,4,258390100
Inverso,100000,RankSort,4,257167900
Inverso,100000,RankSort,4,262263200
Inverso,100000,RankSort,4,244508500
Inverso,100000,RankSort,4,255889000
Inverso,100000,RankSort,4,273257100
Inverso,100000,RankSort,4,252972500
Inverso,100000,RankSort,4,251742300
Inverso,100000,RankSort,4,249954900
Inverso,100000,RankSort,4,256719200
Inverso,100000,RankSort,4,259646700
Inverso,100000,RankSort,4,247391300
Inverso,100000,RankSort,4,259900000
Inverso,100000,RankSort,4,324517400
Inverso,100000,RankSort,4,274877700
Inverso,100000,RankSort,4,259831400
Inverso,100000,RankSort,4,264249200
Inverso,100000,RankSort,4,255922800
Inverso,100000,RankSort,4,260534300
Inverso,100000,RankSort,4,256988700
Inverso,100000,RankSort,4,261523300
Inverso,100000,RankSort,4,247516200
Inverso,100000,RankSort,4,261518700
Inverso,100000,RankSort,4,254578600
Inverso,100000,RankSort,4,256036800
Inverso,100000,RankSort,4,242989400
Inverso,100000,RankSort,4,263639700
Inverso,100000,RankSort,4,255040600
Inverso,100000,RankSort,4,258662600
Inverso,100000,RankSort,4,244873700
Inverso,100000,RankSort,4,274244500
Inverso,100000,RankSort,4,255777200
Inverso,100000,RankSort,4,273299300
Inverso,100000,RankSort,4,291262900
Inverso,100000,RankSort,4,263935300
Inverso,100000,RankSort,4,249194700
Inverso,100000,RankSort,4,245692700
Inverso,100000,RankSort,4,273797000
Inverso,100000,RankSort,4,274433400
Inverso,100000,RankSort,4,246971100
Inverso,100000,RankSort,4,272518800
Inverso,100000,RankSort,4,267672400
Inverso,100000,RankSort,4,264691700
Inverso,100000,RankSort,4,250178400
Inverso,100000,RankSort,4,256052500
Inverso,100000,RankSort,4,256605300
Inverso,100000,RankSort,4,258781400
Inverso,100000,RankSort,4,253328700
Inverso,100000,RankSort,4,258540300
Inverso,100000,RankSort,4,264522900
Inverso,100000,RankSort,4,277218500
Inverso,100000,RankSort,4,257520200
Inverso,100000,RankSort,4,264119800
Inverso,100000,RankSort,4,284162100
Inverso,100000,RankSort,4,245925900
Inverso,100000,RankSort,4,426380400
Inverso,100000,RankSort,4,269688800
Inverso,100000,RankSort,4,260080500
Inverso,100000,RankSort,4,265418900
Inverso,100000,RankSort,4,259149200
Inverso,100000,RankSort,4,265204300
Inverso,100000,RankSort,4,259822200
Inverso,100000,RankSort,4,251272500
Inverso,100000,RankSort,4,248438400
Inverso,100000,RankSort,4,263932200
Inverso,100000,RankSort,4,265559300
Inverso,100000,RankSort,4,261787000
Inverso,100000,RankSort,4,258246800
Inverso,100000,RankSort,4,253243600
Inverso,100000,RankSort,4,259240900
Inverso,100000,RankSort,4,268076700
Inverso,100000,RankSort,4,254243300
Inverso,100000,RankSort,4,274269500
Inverso,100000,RankSort,4,299894200
Inverso,100000,RankSort,4,245339100
Inverso,100000,RankSort,4,255980400
Inverso,100000,RankSort,4,242936200
Inverso,100000,RankSort,4,247231700
Inverso,100000,RankSort,4,249765400
Inverso,100000,RankSort,4,253166000
Inverso,100000,RankSort,4,244213500
Inverso,100000,RankSort,4,255042100
Inverso,100000,RankSort,4,261581800
Inverso,100000,RankSort,4,255565700
Inverso,100000,RankSort,4,270434300
Inverso,100000,RankSort,4,281524600
Inverso,100000,RankSort,4,281345200
Inverso,100000,RankSort,4,261001200
Inverso,100000,RankSort,4,257325400
Inverso,100000,RankSort,4,256802700
Inverso,100000,RankSort,4,260560400
Inverso,100000,RankSort,4,244184900
Inverso,100000,RankSort,4,261174400
Inverso,100000,RankSort,4,285616500
Inverso,100000,RankSort,4,261232800
Inverso,100000,RankSort,4,258701200
Inverso,100000,RankSort,4,256287100
Inverso,100000,RankSort,4,244265600
Inverso,100000,RankSort,4,262650200
Inverso,100000,RankSort,4,257609500
Inverso,100000,RankSort,4,244270200
Inverso,100000,RankSort,4,264528200
Inverso,100000,RankSort,4,260095400
Inverso,100000,RankSort,4,270791100
Inverso,100000,RankSort,4,256273600
Inverso,100000,RankSort,4,256788600
Inverso,100000,RankSort,4,254614100
Inverso,100000,RankSort,4,273458600
Inverso,100000,RankSort,4,256787800
Inverso,100000,RankSort,4,258521300
Inverso,100000,RankSort,4,262042700
Inverso,100000,RankSort,4,247387700
Inverso,100000,RankSort,4,262943800
Inverso,100000,RankSort,4,300752200
Inverso,100000,RankSort,4,266803800
Inverso,100000,RankSort,4,275005200
Inverso,100000,RankSort,4,423134400
Inverso,100000,RankSort,4,244614400
Inverso,100000,RankSort,4,246508200
Inverso,100000,RankSort,4,247209700
Inverso,100000,RankSort,4,260925900
Inverso,100000,RankSort,4,259068500
Inverso,100000,RankSort,4,255564600
Inverso,100000,RankSort,4,244342600
Inverso,100000,RankSort,4,244122300
Inverso,100000,RankSort,4,254375000
Inverso,100000,RankSort,4,252192900
Inverso,100000,RankSort,4,255542500
Inverso,100000,RankSort,4,271122300
Inverso,100000,RankSort,4,257721900
Inverso,100000,RankSort,4,267211700
Inverso,100000,RankSort,4,243957800
Inverso,100000,RankSort,4,276244300
Inverso,100000,RankSort,4,298417400
Inverso,100000,RankSort,4,259769600
Inverso,100000,RankSort,4,272971100
Inverso,100000,RankSort,4,269289900
Inverso,100000,RankSort,4,276394100
Inverso,100000,RankSort,4,249086600
Inverso,100000,RankSort,4,256928600
Inverso,100000,RankSort,4,258189000
Inverso,100000,RankSort,4,258020300
Inverso,100000,RankSort,4,263869500
Inverso,100000,RankSort,4,263563800
Inverso,100000,RankSort,4,252811300
Inverso,100000,RankSort,4,259207700
Inverso,100000,RankSort,4,256377600
Inverso,100000,RankSort,4,254326100
Inverso,100000,RankSort,4,257617400
Inverso,100000,RankSort,4,267071500
Inverso,100000,RankSort,4,265974000
Inverso,100000,RankSort,4,278845100
Inverso,100000,RankSort,4,254093600
Inverso,100000,RankSort,4,279562200
Inverso,100000,RankSort,4,245266500
Inverso,100000,RankSort,4,270957900
Inverso,100000,RankSort,4,258513100
Inverso,100000,RankSort,4,270013700
Inverso,100000,RankSort,4,246897000
Inverso,100000,RankSort,4,254561900
Inverso,100000,RankSort,4,259046500
Inverso,100000,RankSort,4,259112900
Inverso,100000,RankSort,4,246880400
Inverso,100000,RankSort,4,257025700
Inverso,100000,RankSort,4,266254600
Inverso,100000,RankSort,4,254430300
Inverso,100000,RankSort,4,275687800
Inverso,100000,RankSort,4,253626700
Inverso,100000,RankSort,4,247364800
Inverso,100000,RankSort,4,251160800
Inverso,100000,RankSort,4,248112700
Inverso,100000,RankSort,4,256659500
Inverso,100000,RankSort,4,273500900
Inverso,100000,RankSort,4,295611600
Inverso,100000,RankSort,4,259329900
Inverso,100000,RankSort,4,242958600
Inverso,100000,RankSort,4,247886200
Inverso,100000,RankSort,4,424802000
Inverso,100000,RankSort,4,258402300
Inverso,100000,RankSort,4,258912800
Inverso,100000,RankSort,4,247492900
Inverso,100000,RankSort,4,259920400
Inverso,100000,RankSort,4,252091000
Inverso,100000,RankSort,4,262442200
Inverso,100000,RankSort,4,256485200
Inverso,100000,RankSort,4,277703900
Inverso,100000,RankSort,4,255256800
Inverso,100000,RankSort,4,272373800
Inverso,100000,RankSort,4,252515100
Inverso,100000,RankSort,4,250805400
Inverso,100000,RankSort,4,256403500
Inverso,100000,RankSort,4,264449000
Inverso,100000,RankSort,4,257040000
Inverso,100000,RankSort,4,308143500
Inverso,100000,RankSort,4,246802000
Inverso,100000,RankSort,4,258509500
Inverso,100000,RankSort,4,249749100
Inverso,100000,RankSort,4,278277100
Inverso,100000,RankSort,4,258454200
Inverso,100000,RankSort,4,257611500
Inverso,100000,RankSort,4,260007700
Inverso,100000,RankSort,4,264186100
Inverso,100000,RankSort,4,258580800
Inverso,100000,RankSort,4,273804900
Inverso,100000,RankSort,4,256807200
Inverso,100000,RankSort,4,258228800
Inverso,100000,RankSort,4,263529800
Inverso,100000,RankSort,4,259444500
Inverso,100000,RankSort,4,248735600
Inverso,100000,RankSort,4,263856100
Inverso,100000,RankSort,4,278032000
Inverso,100000,RankSort,4,257406600
Inverso,100000,RankSort,4,255518700
Inverso,100000,RankSort,4,279447800
Inverso,100000,RankSort,4,279594000
Inverso,100000,RankSort,4,262290700
Inverso,100000,RankSort,4,263165700
Inverso,100000,RankSort,4,259230600
Inverso,100000,RankSort,4,260086800
Inverso,100000,RankSort,4,250881900
Inverso,100000,RankSort,4,257793600
Inverso,100000,RankSort,4,278537100
Inverso,100000,RankSort,4,260764900
Inverso,100000,RankSort,4,246792100
Inverso,100000,RankSort,4,267616600
Inverso,100000,RankSort,4,255967200
Inverso,100000,RankSort,4,259160000
Inverso,100000,RankSort,4,256856700
Inverso,100000,RankSort,4,257234000
Inverso,100000,RankSort,4,259741200
Inverso,100000,RankSort,4,261724500
Inverso,100000,RankSort,4,256618000
Inverso,100000,RankSort,4,256695500
Inverso,100000,RankSort,4,280519900
Inverso,100000,RankSort,4,260607400
Inverso,100000,RankSort,4,274106400
Inverso,100000,RankSort,4,255586900
Inverso,100000,RankSort,4,258005500
Inverso,100000,RankSort,4,429018400
Inverso,100000,RankSort,4,276514400
Inverso,100000,RankSort,4,251870700
Inverso,100000,RankSort,4,246552900
Inverso,100000,RankSort,4,244350200
Inverso,100000,RankSort,4,248109400
Inverso,100000,RankSort,4,257986300
Inverso,100000,RankSort,4,259614900
Inverso,100000,RankSort,4,244318400
Inverso,100000,RankSort,4,257951800
Inverso,100000,RankSort,4,261161000
Inverso,100000,RankSort,4,243857300
Inverso,100000,RankSort,4,244373200
Inverso,100000,RankSort,4,255698100
Inverso,100000,RankSort,4,265362400
Inverso,100000,RankSort,4,279161700
Inverso,100000,RankSort,4,257610000
Inverso,100000,RankSort,4,262878000
Inverso,100000,RankSort,4,263813700
Inverso,100000,RankSort,4,290843400
Inverso,100000,RankSort,4,244361000
Inverso,100000,RankSort,4,247496400
Inverso,100000,RankSort,4,256778600
Inverso,100000,RankSort,4,255775300
Inverso,100000,RankSort,4,250292600
Inverso,100000,RankSort,4,257929100
Inverso,100000,RankSort,4,252129000
Inverso,100000,RankSort,4,248510700
Inverso,100000,RankSort,4,253310400
Inverso,100000,RankSort,4,243882300
Inverso,100000,RankSort,4,249442000
Inverso,100000,RankSort,4,259896500
Inverso,100000,RankSort,4,285004400
Inverso,100000,RankSort,4,261198100
Inverso,100000,RankSort,4,263165800
Inverso,100000,RankSort,4,287859400
Inverso,100000,RankSort,4,242938800
Inverso,100000,RankSort,4,257705600
Inverso,100000,RankSort,4,258708000
Inverso,100000,RankSort,4,265837900
Inverso,100000,RankSort,4,264595700
Inverso,100000,RankSort,4,245937100
Inverso,100000,RankSort,4,277323800
Inverso,100000,RankSort,4,257329300
Inverso,100000,RankSort,4,243701400
Inverso,100000,RankSort,4,275702100
Inverso,100000,RankSort,4,272421700
Inverso,100000,RankSort,4,259358400
Inverso,100000,RankSort,4,256919400
Inverso,100000,RankSort,4,257648800
Inverso,100000,RankSort,4,255462800
Inverso,100000,RankSort,4,256871500
Inverso,100000,RankSort,4,260686800
Inverso,100000,RankSort,4,244467200
Inverso,100000,RankSort,4,260699000
Inverso,100000,RankSort,4,277045700
Inverso,100000,RankSort,4,256048600
Inverso,100000,RankSort,4,244947200
Inverso,100000,RankSort,4,261166400
Inverso,100000,RankSort,4,246772700
Inverso,100000,RankSort,4,242651000
Inverso,100000,RankSort,4,426410800
Inverso,100000,RankSort,4,264433000
Inverso,100000,RankSort,4,259930500
Inverso,100000,RankSort,4,259762200
Inverso,100000,RankSort,4,246894000
Inverso,100000,RankSort,4,264710500
Inverso,100000,RankSort,4,245302800
Inverso,100000,RankSort,4,247251200
Inverso,100000,RankSort,4,244373200
Inverso,100000,RankSort,4,276539200
Inverso,100000,RankSort,4,276007800
Inverso,100000,RankSort,4,255620400
Inverso,100000,RankSort,4,246401300
Inverso,100000,RankSort,4,260749300
Inverso,100000,RankSort,4,277025200
Inverso,100000,RankSort,4,275894000
Inverso,100000,RankSort,4,253901700
Inverso,100000,RankSort,4,254291600
Inverso,100000,RankSort,4,262566000
Inverso,100000,RankSort,4,269427600
Inverso,100000,RankSort,4,245044400
Inverso,100000,RankSort,4,274476500
Inverso,100000,RankSort,4,244547600
Inverso,100000,RankSort,4,260100400
Inverso,100000,RankSort,4,258098400
Inverso,100000,RankSort,4,252007500
Inverso,100000,RankSort,4,259587500
Inverso,100000,RankSort,4,243934700
Inverso,100000,RankSort,4,259908500
Inverso,100000,RankSort,4,277808800
Inverso,100000,RankSort,4,253092100
Inverso,100000,RankSort,4,257804000
Inverso,100000,RankSort,4,258336700
Inverso,100000,RankSort,4,265584900
Inverso,100000,RankSort,4,278579500
Inverso,100000,RankSort,4,275675000
Inverso,100000,RankSort,4,424473200
Inverso,100000,RankSort,4,257342800
Inverso,100000,RankSort,4,245872500
Inverso,100000,RankSort,4,263041700
Inverso,100000,RankSort,4,247807700
Inverso,100000,RankSort,4,253115000
Inverso,100000,RankSort,4,273634100
Inverso,100000,RankSort,4,260371300
Inverso,100000,RankSort,4,273548000
Inverso,100000,RankSort,4,261102000
Inverso,100000,RankSort,4,252526000
Inverso,100000,RankSort,4,260672800
Inverso,100000,RankSort,4,268538800
Inverso,100000,RankSort,4,258865100
Inverso,100000,RankSort,4,262303600
Inverso,100000,RankSort,4,253777400
Inverso,100000,RankSort,4,261591800
Inverso,100000,RankSort,4,259066800
Inverso,100000,RankSort,4,285947600
Inverso,100000,RankSort,4,260647100
Inverso,100000,RankSort,4,250161700
Inverso,100000,RankSort,4,276270800
Inverso,100000,RankSort,4,251434300
Inverso,100000,RankSort,4,248217400
Inverso,100000,RankSort,4,259183600
Inverso,100000,RankSort,4,248260700
Inverso,100000,RankSort,4,271519900
Inverso,100000,RankSort,4,261144600
Inverso,100000,RankSort,4,261930100
Inverso,100000,RankSort,4,257791500
Inverso,100000,RankSort,4,257463200
Inverso,100000,RankSort,4,255511500
Inverso,100000,RankSort,4,266155900
Inverso,100000,RankSort,4,268753100
Inverso,100000,RankSort,4,258331000
Inverso,100000,RankSort,4,244872300
Inverso,100000,RankSort,4,260340600
Inverso,100000,RankSort,4,423683400
Inverso,100000,RankSort,4,256835400
Inverso,100000,RankSort,4,276238900
Inverso,100000,RankSort,4,262629900
Inverso,100000,RankSort,4,276451300
Inverso,100000,RankSort,4,259440200
Inverso,100000,RankSort,4,246846400
Inverso,100000,RankSort,4,249598600
Inverso,100000,RankSort,4,276083100
Inverso,100000,RankSort,4,244955100
Inverso,100000,RankSort,4,265896100
Inverso,100000,RankSort,4,257728400
Inverso,100000,RankSort,4,258713700
Inverso,100000,RankSort,4,257706500
Inverso,100000,RankSort,4,275135900
Inverso,100000,RankSort,4,261822600
Inverso,100000,RankSort,4,265199800
Inverso,100000,RankSort,4,258144100
Inverso,100000,RankSort,4,274911400
Inverso,100000,RankSort,4,256343300
Inverso,100000,RankSort,4,258755600
Inverso,100000,RankSort,4,245202400
Inverso,100000,RankSort,4,278947700
Inverso,100000,RankSort,4,248051500
Inverso,100000,RankSort,4,252027200
Inverso,100000,RankSort,4,258183500
Inverso,100000,RankSort,4,263827100
Inverso,100000,RankSort,4,275943200
Inverso,100000,RankSort,4,248360700
Inverso,100000,RankSort,4,260149500
Inverso,100000,RankSort,4,271617700
Inverso,100000,RankSort,4,249909100
Inverso,100000,RankSort,4,258345400
Inverso,100000,RankSort,4,252552600
Inverso,100000,RankSort,4,250131300
Inverso,100000,RankSort,4,281013200
Inverso,100000,RankSort,4,247515600
Inverso,100000,RankSort,4,243922400
Inverso,100000,RankSort,4,267886000
Inverso,100000,RankSort,4,246194300
Inverso,100000,RankSort,4,263486700
Inverso,100000,RankSort,4,246476000
Inverso,100000,RankSort,4,261851400
Inverso,100000,RankSort,4,261527200
Inverso,100000,RankSort,4,264836600
Inverso,100000,RankSort,4,262548500
Inverso,100000,RankSort,4,279569900
Inverso,100000,RankSort,4,245410600
Inverso,100000,RankSort,4,259470900
Inverso,100000,RankSort,4,247321400
Inverso,100000,RankSort,4,264462300
Inverso,100000,RankSort,4,260551500
Inverso,100000,RankSort,4,246412600
Inverso,100000,RankSort,4,258147700
Inverso,100000,RankSort,4,245772000
Inverso,100000,RankSort,4,255891400
Inverso,100000,RankSort,4,263911900
Inverso,100000,RankSort,4,257219200
Inverso,100000,RankSort,4,253591600
Inverso,100000,RankSort,4,264664900
Inverso,100000,RankSort,4,257205800
Inverso,100000,RankSort,4,255678300
Inverso,100000,RankSort,4,246337700
Inverso,100000,RankSort,4,244088200
Inverso,100000,RankSort,4,259975500
Inverso,100000,RankSort,4,245386200
Inverso,100000,RankSort,4,251136200
Inverso,100000,RankSort,4,259309600
Inverso,100000,RankSort,4,244917500
Inverso,100000,RankSort,4,250458200
Inverso,100000,RankSort,4,256095600
Inverso,100000,RankSort,4,249819000
Inverso,100000,RankSort,4,248123500
Inverso,100000,RankSort,4,246580100
Inverso,100000,RankSort,4,262034600
Inverso,100000,RankSort,4,261275600
Inverso,100000,RankSort,4,275784600
Inverso,100000,RankSort,4,261620600
Inverso,100000,RankSort,4,262256900
Inverso,100000,RankSort,4,259179000
Inverso,100000,RankSort,4,264669000
Inverso,100000,RankSort,4,246504500
Inverso,100000,RankSort,4,257915000
Inverso,100000,RankSort,4,280032800
Inverso,100000,RankSort,4,424465300
Inverso,100000,RankSort,4,244299100
Inverso,100000,RankSort,4,253900000
Inverso,100000,RankSort,4,264938400
Inverso,100000,RankSort,4,258733200
Inverso,100000,RankSort,4,258310000
Inverso,100000,RankSort,4,267160400
Inverso,100000,RankSort,4,257996600
Inverso,100000,RankSort,4,257195700
Inverso,100000,RankSort,4,259188100
Inverso,100000,RankSort,4,258386600
Inverso,100000,RankSort,4,278008500
Inverso,100000,RankSort,4,275552800
Inverso,100000,RankSort,4,265349800
Inverso,100000,RankSort,4,258127100
Inverso,100000,RankSort,4,257155400
Inverso,100000,RankSort,4,275565400
Inverso,100000,RankSort,4,251021700
Inverso,100000,RankSort,4,259546600
Inverso,100000,RankSort,4,245981500
Inverso,100000,RankSort,4,262795500
Inverso,100000,RankSort,4,252810100
Inverso,100000,RankSort,4,247157300
Inverso,100000,RankSort,4,256025300
Inverso,100000,RankSort,4,248850700
Inverso,100000,RankSort,4,267720300
Inverso,100000,RankSort,4,245825900
Inverso,100000,RankSort,4,249792500
Inverso,100000,RankSort,4,259632600
Inverso,100000,RankSort,4,248526300
Inverso,100000,RankSort,4,246628100
Inverso,100000,RankSort,4,246836200
Inverso,100000,RankSort,4,256768300
Inverso,100000,RankSort,4,265224900
Inverso,100000,RankSort,4,257488400
Inverso,100000,RankSort,4,257448600
Inverso,100000,RankSort,4,276786300
Inverso,100000,RankSort,4,264374800
Inverso,100000,RankSort,4,252016000
Inverso,100000,RankSort,4,257667000
Inverso,100000,RankSort,4,262790700
Inverso,100000,RankSort,4,277718200
Inverso,100000,RankSort,4,244299800
Inverso,100000,RankSort,4,249477300
Inverso,100000,RankSort,4,259147900
Inverso,100000,RankSort,4,264463800
Inverso,100000,RankSort,4,257175600
Inverso,100000,RankSort,4,256297600
Inverso,100000,RankSort,4,422923600
Inverso,100000,RankSort,4,260097500
Inverso,100000,RankSort,4,264863900
Inverso,100000,RankSort,4,250955400
Inverso,100000,RankSort,4,267733200
Inverso,100000,RankSort,4,257002900
Inverso,100000,RankSort,4,263974300
Inverso,100000,RankSort,4,243823500
Inverso,100000,RankSort,4,263441500
Inverso,100000,RankSort,4,270983700
Inverso,100000,RankSort,4,245110800
Inverso,100000,RankSort,4,259840700
Inverso,100000,RankSort,4,261726400
Inverso,100000,RankSort,4,247094500
Inverso,100000,RankSort,4,244628500
Inverso,100000,RankSort,4,256766200
Inverso,100000,RankSort,4,276666900
Inverso,100000,RankSort,4,260233900
Inverso,100000,RankSort,4,264060900
Inverso,100000,RankSort,4,247635400
Inverso,100000,RankSort,4,245630000
Inverso,100000,RankSort,4,277782300
Inverso,100000,RankSort,4,248658100
Inverso,100000,RankSort,4,257663700
Inverso,100000,RankSort,4,252135200
Inverso,100000,RankSort,4,277575100
Inverso,100000,RankSort,4,263475000
Inverso,100000,RankSort,4,259983100
Inverso,100000,RankSort,4,257547400
Inverso,100000,RankSort,4,258676600
Inverso,100000,RankSort,4,253439100
Inverso,100000,RankSort,4,248328300
Inverso,100000,RankSort,4,254374400
Inverso,100000,RankSort,4,277169400
Inverso,100000,RankSort,4,264814600
Inverso,100000,RankSort,4,261970500
Inverso,100000,RankSort,4,245905800
Inverso,100000,RankSort,4,270128700
Inverso,100000,RankSort,4,265840600
Inverso,100000,RankSort,4,252516300
Inverso,100000,RankSort,4,251770700
Inverso,100000,RankSort,4,268541000
Inverso,100000,RankSort,4,261692900
Inverso,100000,RankSort,4,278487400
Inverso,100000,RankSort,4,256407800
Inverso,100000,RankSort,4,261109000
Inverso,100000,RankSort,4,249255700
Inverso,100000,RankSort,4,259428200
Inverso,100000,RankSort,4,424903400
Inverso,100000,RankSort,4,249251800
Inverso,100000,RankSort,4,245999900
Inverso,100000,RankSort,4,265082800
Inverso,100000,RankSort,4,257006500
Inverso,100000,RankSort,4,256222900
Inverso,100000,RankSort,4,262655800
Inverso,100000,RankSort,4,257898200
Inverso,100000,RankSort,4,260559700
Inverso,100000,RankSort,4,271328100
Inverso,100000,RankSort,4,259799800
Inverso,100000,RankSort,4,248706600
Inverso,100000,RankSort,4,256500700
Inverso,100000,RankSort,4,260926000
Inverso,100000,RankSort,4,246171800
Inverso,100000,RankSort,4,264141300
Inverso,100000,RankSort,4,259266300
Inverso,100000,RankSort,4,265064200
Inverso,100000,RankSort,4,255402800
Inverso,100000,RankSort,4,258844100
Inverso,100000,RankSort,4,247168000
Inverso,100000,RankSort,4,262199800
Inverso,100000,RankSort,4,256922000
Inverso,100000,RankSort,4,275825000
Inverso,100000,RankSort,4,249362800
Inverso,100000,RankSort,4,278166500
Inverso,100000,RankSort,4,254436000
Inverso,100000,RankSort,4,258318600
Inverso,100000,RankSort,4,265264900
Inverso,100000,RankSort,4,251418300
Inverso,100000,RankSort,4,261318000
Inverso,100000,RankSort,4,260087700
Inverso,100000,RankSort,4,251613400
Inverso,100000,RankSort,4,257476500
Inverso,100000,RankSort,4,260455600
Inverso,100000,RankSort,4,254970000
Inverso,100000,RankSort,4,250906300
Inverso,100000,RankSort,4,276815700
Inverso,100000,RankSort,4,257985100
Inverso,100000,RankSort,4,250629800
Inverso,100000,RankSort,4,258162000
Inverso,100000,RankSort,4,253796600
Inverso,100000,RankSort,4,263947500
Inverso,100000,RankSort,4,264930800
Inverso,100000,RankSort,4,251230600
Inverso,100000,RankSort,4,252645500
Inverso,100000,RankSort,4,246596200
Inverso,100000,RankSort,4,258576200
Inverso,100000,RankSort,4,427000000
Inverso,100000,RankSort,4,278274800
Inverso,100000,RankSort,4,250597800
Inverso,100000,RankSort,4,255438200
Inverso,100000,RankSort,4,258845700
Inverso,100000,RankSort,4,267444900
Inverso,100000,RankSort,4,249856900
Inverso,100000,RankSort,4,245621900
Inverso,100000,RankSort,4,248692200
Inverso,100000,RankSort,4,274896500
Inverso,100000,RankSort,4,251363500
Inverso,100000,RankSort,4,262396900
Inverso,100000,RankSort,4,256301800
Inverso,100000,RankSort,4,276344600
Inverso,100000,RankSort,4,256852700
Inverso,100000,RankSort,4,270046000
Inverso,100000,RankSort,4,256951800
Inverso,100000,RankSort,4,261204500
Inverso,100000,RankSort,4,247961500
Inverso,100000,RankSort,4,251439900
Inverso,100000,RankSort,4,267389900
Inverso,100000,RankSort,4,269186400
Inverso,100000,RankSort,4,259065500
Inverso,100000,RankSort,4,256494500
Inverso,100000,RankSort,4,255687200
Inverso,100000,RankSort,4,273123000
Inverso,100000,RankSort,4,276074200
Inverso,100000,RankSort,4,245758700
Inverso,100000,RankSort,4,254348800
Inverso,100000,RankSort,4,276136500
Inverso,100000,RankSort,4,261987100
Inverso,100000,RankSort,4,256812700
Inverso,100000,RankSort,4,258978600
Inverso,100000,RankSort,4,277616400
Inverso,100000,RankSort,4,252360800
Inverso,100000,RankSort,4,265164300
Inverso,100000,RankSort,4,250364400
Inverso,100000,RankSort,4,271054200
Inverso,100000,RankSort,4,254797800
Inverso,100000,RankSort,4,256279600
Inverso,100000,RankSort,4,266181600
Inverso,100000,RankSort,4,250074200
Inverso,100000,RankSort,4,256974200
Inverso,100000,RankSort,4,269736800
Inverso,100000,RankSort,4,255810500
Inverso,100000,RankSort,4,264108300
Inverso,100000,RankSort,4,258795100
Inverso,100000,RankSort,4,261121200
Inverso,100000,RankSort,4,424909700
Inverso,100000,RankSort,4,262702800
Inverso,100000,RankSort,4,270545500
Inverso,100000,RankSort,4,259821300
Inverso,100000,RankSort,4,263697200
Inverso,100000,RankSort,4,263380700
Inverso,100000,RankSort,4,269383700
Inverso,100000,RankSort,4,252049500
Inverso,100000,RankSort,4,276490900
Inverso,100000,RankSort,4,257790700
Inverso,100000,RankSort,4,258503600
Inverso,100000,RankSort,4,259488600
Inverso,100000,RankSort,4,258341800
Inverso,100000,RankSort,4,269293800
Inverso,100000,RankSort,4,253824800
Inverso,100000,RankSort,4,258956400
Inverso,100000,RankSort,4,246095700
Inverso,100000,RankSort,4,263712200
Inverso,100000,RankSort,4,269831400
Inverso,100000,RankSort,4,258628700
Inverso,100000,RankSort,4,261797200
Inverso,100000,RankSort,4,263222200
Inverso,100000,RankSort,4,245123100
Inverso,100000,RankSort,4,257786100
Inverso,100000,RankSort,4,258245500
Inverso,100000,RankSort,4,268350600
Inverso,100000,RankSort,4,259266700
Inverso,100000,RankSort,4,250126100
Inverso,100000,RankSort,4,259066000
Inverso,100000,RankSort,4,276520200
Inverso,100000,RankSort,4,241912100
Inverso,100000,RankSort,4,269559700
Inverso,100000,RankSort,4,256369500
Inverso,100000,RankSort,4,279805400
Inverso,100000,RankSort,4,255406300
Inverso,100000,RankSort,4,258422600
Inverso,100000,RankSort,4,251390300
Inverso,100000,RankSort,4,277055900
Inverso,100000,RankSort,4,266459400
Inverso,100000,RankSort,4,256916700
Inverso,100000,RankSort,4,262605400
Inverso,100000,RankSort,4,259805900
Inverso,100000,RankSort,4,257950000
Inverso,100000,RankSort,4,259512800
Inverso,100000,RankSort,4,262395600
Inverso,100000,RankSort,4,260047600
Inverso,100000,RankSort,4,256966100
Inverso,100000,RankSort,4,258667700
Inverso,100000,RankSort,4,423371700
Inverso,100000,RankSort,4,264115700
Inverso,100000,RankSort,4,259118000
Inverso,100000,RankSort,4,274554900
Inverso,100000,RankSort,4,261320500
Inverso,100000,RankSort,4,244465300
Inverso,100000,RankSort,4,270382100
Inverso,100000,RankSort,4,243393600
Inverso,100000,RankSort,4,277785300
Inverso,100000,RankSort,4,261426800
Inverso,100000,RankSort,4,280110100
Inverso,100000,RankSort,4,258040900
Inverso,100000,RankSort,4,267530100
Inverso,100000,RankSort,4,274930500
Inverso,100000,RankSort,4,252237100
Inverso,100000,RankSort,4,270868400
Inverso,100000,RankSort,4,255677100
Inverso,100000,RankSort,4,249623500
Inverso,100000,RankSort,4,259806700
Inverso,100000,RankSort,4,272539500
Inverso,100000,RankSort,4,276794500
Inverso,100000,RankSort,4,257910700
Inverso,100000,RankSort,4,276010000
Inverso,100000,RankSort,4,267631100
Inverso,100000,RankSort,4,257445400
Inverso,100000,RankSort,4,251377400
Inverso,100000,RankSort,4,257587000
Inverso,100000,RankSort,4,243294600
Inverso,100000,RankSort,4,267637800
Inverso,100000,RankSort,4,267113500
Inverso,100000,RankSort,4,275335400
Inverso,100000,RankSort,4,257762700
Inverso,100000,RankSort,4,262592100
Inverso,100000,RankSort,4,273156100
Inverso,100000,RankSort,4,257709700
Inverso,100000,RankSort,4,260445300
Inverso,100000,RankSort,4,273479100
Inverso,100000,RankSort,4,265411600
Inverso,100000,RankSort,4,243777300
Inverso,100000,RankSort,4,264243100
Inverso,100000,RankSort,4,277828900
Inverso,100000,RankSort,4,266412200
Inverso,100000,RankSort,4,258481300
Inverso,100000,RankSort,4,244595700
Inverso,100000,RankSort,4,263146300
Inverso,100000,RankSort,4,260822300
Inverso,100000,RankSort,4,259965200
Inverso,100000,RankSort,4,247634000
Inverso,100000,RankSort,4,427001200
Inverso,100000,RankSort,4,257024700
Inverso,100000,RankSort,4,275164400
Inverso,100000,RankSort,4,274535500
Inverso,100000,RankSort,4,252029200
Inverso,100000,RankSort,4,248909900
Inverso,100000,RankSort,4,275684000
Inverso,100000,RankSort,4,263461700
Inverso,100000,RankSort,4,258717100
Inverso,100000,RankSort,4,257188800
Inverso,100000,RankSort,4,273973500
Inverso,100000,RankSort,4,265998800
Inverso,100000,RankSort,4,265835100
Inverso,100000,RankSort,4,259024100
Inverso,100000,RankSort,4,260476700
Inverso,100000,RankSort,4,253958600
Inverso,100000,RankSort,4,260094500
Inverso,100000,RankSort,4,270864700
Inverso,100000,RankSort,4,257290300
Inverso,100000,RankSort,4,276971000
Inverso,100000,RankSort,4,275302900
Inverso,100000,RankSort,4,260679900
Inverso,100000,RankSort,4,255338600
Inverso,100000,RankSort,4,256628400
Inverso,100000,RankSort,4,245375700
Inverso,100000,RankSort,4,259169500
Inverso,100000,RankSort,4,258918100
Inverso,100000,RankSort,4,276906600
Inverso,100000,RankSort,4,261703700
Inverso,100000,RankSort,4,246943200
Inverso,100000,RankSort,4,276912100
Inverso,100000,RankSort,4,261180600
Inverso,100000,RankSort,4,275714000
Inverso,100000,RankSort,4,258352300
Inverso,100000,RankSort,4,259004400
Inverso,100000,RankSort,4,264374700
Inverso,100000,RankSort,4,262236500
Inverso,100000,RankSort,4,259226200
Inverso,100000,RankSort,4,244828700
Inverso,100000,RankSort,4,261942200
Inverso,100000,RankSort,4,264554300
Inverso,100000,RankSort,4,274985500
Inverso,100000,RankSort,4,259448500
Inverso,100000,RankSort,4,274290100
Inverso,100000,RankSort,4,258125500
Inverso,100000,RankSort,4,245758800
Inverso,100000,RankSort,4,268033400
Inverso,100000,RankSort,4,259180300
Inverso,100000,RankSort,4,424864300
Inverso,100000,RankSort,4,251456200
Inverso,100000,RankSort,4,245323600
Inverso,100000,RankSort,4,257944900
Inverso,100000,RankSort,4,266700400
Inverso,100000,RankSort,4,257359700
Inverso,100000,RankSort,4,259532000
Inverso,100000,RankSort,4,273994900
Inverso,100000,RankSort,4,258468600
Inverso,100000,RankSort,4,275384300
Inverso,100000,RankSort,4,280856600
Inverso,100000,RankSort,4,249990600
Inverso,100000,RankSort,4,258334300
Inverso,100000,RankSort,4,275443200
Inverso,100000,RankSort,4,258739800
Inverso,100000,RankSort,4,255973000
Inverso,100000,RankSort,4,256298500
Inverso,100000,RankSort,4,273597700
Inverso,100000,RankSort,4,263604300
Inverso,100000,RankSort,4,264408100
Inverso,100000,RankSort,4,257152700
Inverso,100000,RankSort,4,243146500
Inverso,100000,RankSort,4,250490100
Inverso,100000,RankSort,4,254865200
Inverso,100000,RankSort,4,245365800
Inverso,100000,RankSort,4,245848100
Inverso,100000,RankSort,4,274415000
Inverso,100000,RankSort,4,248404400
Inverso,100000,RankSort,4,258772000
Inverso,100000,RankSort,4,258549200
Inverso,100000,RankSort,4,276092900
Inverso,100000,RankSort,4,263354600
Inverso,100000,RankSort,4,258752100
Inverso,100000,RankSort,4,261289400
Inverso,100000,RankSort,4,263450300
Inverso,100000,RankSort,4,256127600
Inverso,100000,RankSort,4,275155700
Inverso,100000,RankSort,4,258593300
Inverso,100000,RankSort,4,264863600
Inverso,100000,RankSort,4,257683800
Inverso,100000,RankSort,4,264752800
Inverso,100000,RankSort,4,250271600
Inverso,100000,RankSort,4,260229500
Inverso,100000,RankSort,4,260560000
Inverso,100000,RankSort,4,255752400
Inverso,100000,RankSort,4,275373400
Inverso,100000,RankSort,4,271458900
Inverso,100000,RankSort,4,259431600
Inverso,100000,RankSort,4,264839900
Inverso,100000,RankSort,4,259138300
Inverso,100000,RankSort,4,260173300
Inverso,100000,RankSort,4,258638900
Inverso,100000,RankSort,4,256739200
Inverso,100000,RankSort,4,256689100
Inverso,100000,RankSort,4,262034300
Inverso,100000,RankSort,4,277334700
Inverso,100000,RankSort,4,246979100
Inverso,100000,RankSort,4,246966200
Inverso,100000,RankSort,4,264726300
Inverso,100000,RankSort,4,273172100
Inverso,100000,RankSort,4,255395800
Inverso,100000,RankSort,4,257078600
Inverso,100000,RankSort,4,276991100
Inverso,100000,RankSort,4,258373000
Inverso,100000,RankSort,4,266148700
Inverso,100000,RankSort,4,266368100
Inverso,100000,RankSort,4,275381400
Inverso,100000,RankSort,4,263168000
Inverso,100000,RankSort,4,256647300
Inverso,100000,RankSort,4,275470000
Inverso,100000,RankSort,4,281066400
Inverso,100000,RankSort,4,254435300
Inverso,100000,RankSort,4,261399600
Inverso,100000,RankSort,4,277201000
Inverso,100000,RankSort,4,278073400
Inverso,100000,RankSort,4,258134600
Inverso,100000,RankSort,4,271338800
Inverso,100000,RankSort,4,259448800
Inverso,100000,RankSort,4,278026300
Inverso,100000,RankSort,4,279318200
Inverso,100000,RankSort,4,259609100
Inverso,100000,RankSort,4,261087500
Inverso,100000,RankSort,4,260432600
Inverso,100000,RankSort,4,244544000
Inverso,100000,RankSort,4,259152200
Inverso,100000,RankSort,4,256281300
Inverso,100000,RankSort,4,272560700
Inverso,100000,RankSort,4,261032200
Inverso,100000,RankSort,4,246604900
Inverso,100000,RankSort,4,258324200
Inverso,100000,RankSort,4,265036000
Inverso,100000,RankSort,4,253816400
Inverso,100000,RankSort,4,257465900
Inverso,100000,RankSort,4,256237300
Inverso,100000,RankSort,4,267801600
Inverso,100000,RankSort,4,266474800
Inverso,100000,RankSort,4,259346500
Inverso,100000,RankSort,4,255763100
Inverso,100000,RankSort,4,278179500
Inverso,100000,RankSort,4,422758600
Inverso,100000,RankSort,4,258694300
Inverso,100000,RankSort,4,270355400
Inverso,100000,RankSort,4,278504500
Inverso,100000,RankSort,4,260254100
Inverso,100000,RankSort,4,276148500
Inverso,100000,RankSort,4,263400000
Inverso,100000,RankSort,4,253525500
Inverso,100000,RankSort,4,260072500
Inverso,100000,RankSort,4,257233600
Inverso,100000,RankSort,4,263358200
Inverso,100000,RankSort,4,245781200
Inverso,100000,RankSort,4,268610700
Inverso,100000,RankSort,4,244437000
Inverso,100000,RankSort,4,278864100
Inverso,100000,RankSort,4,259111900
Inverso,100000,RankSort,4,258019300
Inverso,100000,RankSort,4,261427100
Inverso,100000,RankSort,4,263359800
Inverso,100000,RankSort,4,248102800
Inverso,100000,RankSort,4,255640900
