Uniforme,100000,BitonicSort,2,13919200
Uniforme,100000,BitonicSort,2,14464700
Uniforme,100000,BitonicSort,2,14483000
Uniforme,100000,BitonicSort,2,11770600
Uniforme,100000,BitonicSort,2,12438900
Uniforme,100000,BitonicSort,2,12884400
Uniforme,100000,BitonicSort,2,13198400
Uniforme,100000,BitonicSort,2,10772700
Uniforme,100000,BitonicSort,2,11374800
Uniforme,100000,BitonicSort,2,11259000
Uniforme,100000,BitonicSort,2,12256300
Uniforme,100000,BitonicSort,2,10877000
Uniforme,100000,BitonicSort,2,14428900
Uniforme,100000,BitonicSort,2,10512200
Uniforme,100000,BitonicSort,2,11323300
Uniforme,100000,BitonicSort,2,11083900
Uniforme,100000,BitonicSort,2,11128900
Uniforme,100000,BitonicSort,2,11217900
Uniforme,100000,BitonicSort,2,11032700
Uniforme,100000,BitonicSort,2,10257500
Uniforme,100000,BitonicSort,2,10630100
Uniforme,100000,BitonicSort,2,10286400
Uniforme,100000,BitonicSort,2,10377900
Uniforme,100000,BitonicSort,2,10225800
Uniforme,100000,BitonicSort,2,10911500
Uniforme,100000,BitonicSort,2,10601300
Uniforme,100000,BitonicSort,2,10378500
Uniforme,100000,BitonicSort,2,10677400
Uniforme,100000,BitonicSort,2,10593800
Uniforme,100000,BitonicSort,2,10576000
Uniforme,100000,BitonicSort,2,11059800
Uniforme,100000,BitonicSort,2,10559000
Uniforme,100000,BitonicSort,2,10315800
Uniforme,100000,BitonicSort,2,10655100
Uniforme,100000,BitonicSort,2,11262500
Uniforme,100000,BitonicSort,2,11169300
Uniforme,100000,BitonicSort,2,11975700
Uniforme,100000,BitonicSort,2,11752900
Uniforme,100000,BitonicSort,2,10532000
Uniforme,100000,BitonicSort,2,10802900
Uniforme,100000,BitonicSort,2,10551400
Uniforme,100000,BitonicSort,2,10657000
Uniforme,100000,BitonicSort,2,11015900
Uniforme,100000,BitonicSort,2,10701800
Uniforme,100000,BitonicSort,2,10358900
Uniforme,100000,BitonicSort,2,12006300
Uniforme,100000,BitonicSort,2,10938200
Uniforme,100000,BitonicSort,2,10520900
Uniforme,100000,BitonicSort,2,10958100
Uniforme,100000,BitonicSort,2,11167500
Uniforme,100000,BitonicSort,2,11046200
Uniforme,100000,BitonicSort,2,10784300
Uniforme,100000,BitonicSort,2,11373000
Uniforme,100000,BitonicSort,2,10700000
Uniforme,100000,BitonicSort,2,11387600
Uniforme,100000,BitonicSort,2,10964900
Uniforme,100000,BitonicSort,2,10626200
Uniforme,100000,BitonicSort,2,11562400
Uniforme,100000,BitonicSort,2,11651400
Uniforme,100000,BitonicSort,2,10468000
Uniforme,100000,BitonicSort,2,10961900
Uniforme,100000,BitonicSort,2,10831200
Uniforme,100000,BitonicSort,2,10450000
Uniforme,100000,BitonicSort,2,10407000
Uniforme,100000,BitonicSort,2,10283200
Uniforme,100000,BitonicSort,2,10528100
Uniforme,100000,BitonicSort,2,10424800
Uniforme,100000,BitonicSort,2,10438600
Uniforme,100000,BitonicSort,2,10407800
Uniforme,100000,BitonicSort,2,10600600
Uniforme,100000,BitonicSort,2,10690600
Uniforme,100000,BitonicSort,2,10642200
Uniforme,100000,BitonicSort,2,10715100
Uniforme,100000,BitonicSort,2,10256900
Uniforme,100000,BitonicSort,2,10336700
Uniforme,100000,BitonicSort,2,10699400
Uniforme,100000,BitonicSort,2,10693300
Uniforme,100000,BitonicSort,2,12263900
Uniforme,100000,BitonicSort,2,11292500
Uniforme,100000,BitonicSort,2,10837700
Uniforme,100000,BitonicSort,2,16186000
Uniforme,100000,BitonicSort,2,10471000
Uniforme,100000,BitonicSort,2,12770900
Uniforme,100000,BitonicSort,2,11081100
Uniforme,100000,BitonicSort,2,10561200
Uniforme,100000,BitonicSort,2,10431200
Uniforme,100000,BitonicSort,2,10408600
Uniforme,100000,BitonicSort,2,10416200
Uniforme,100000,BitonicSort,2,10592500
Uniforme,100000,BitonicSort,2,10584500
Uniforme,100000,BitonicSort,2,10572100
Uniforme,100000,BitonicSort,2,12190100
Uniforme,100000,BitonicSort,2,10805200
Uniforme,100000,BitonicSort,2,10757300
Uniforme,100000,BitonicSort,2,10620900
Uniforme,100000,BitonicSort,2,10725500
Uniforme,100000,BitonicSort,2,10428300
Uniforme,100000,BitonicSort,2,10493300
Uniforme,100000,BitonicSort,2,10428800
Uniforme,100000,BitonicSort,2,10580400
Uniforme,100000,BitonicSort,2,10374000
Uniforme,100000,BitonicSort,2,10687400
Uniforme,100000,BitonicSort,2,10442600
Uniforme,100000,BitonicSort,2,10325600
Uniforme,100000,BitonicSort,2,10252200
Uniforme,100000,BitonicSort,2,10301100
Uniforme,100000,BitonicSort,2,10403400
Uniforme,100000,BitonicSort,2,10319700
Uniforme,100000,BitonicSort,2,10644600
Uniforme,100000,BitonicSort,2,10721600
Uniforme,100000,BitonicSort,2,10635200
Uniforme,100000,BitonicSort,2,10350900
Uniforme,100000,BitonicSort,2,10852900
Uniforme,100000,BitonicSort,2,10577300
Uniforme,100000,BitonicSort,2,10168600
Uniforme,100000,BitonicSort,2,10787700
Uniforme,100000,BitonicSort,2,10604700
Uniforme,100000,BitonicSort,2,10520400
Uniforme,100000,BitonicSort,2,10535400
Uniforme,100000,BitonicSort,2,10393800
Uniforme,100000,BitonicSort,2,10642200
Uniforme,100000,BitonicSort,2,10396400
Uniforme,100000,BitonicSort,2,10530700
Uniforme,100000,BitonicSort,2,10257300
Uniforme,100000,BitonicSort,2,10465300
Uniforme,100000,BitonicSort,2,10777900
Uniforme,100000,BitonicSort,2,10288000
Uniforme,100000,BitonicSort,2,11257200
Uniforme,100000,BitonicSort,2,10844500
Uniforme,100000,BitonicSort,2,10408300
Uniforme,100000,BitonicSort,2,10392900
Uniforme,100000,BitonicSort,2,10637800
Uniforme,100000,BitonicSort,2,10608600
Uniforme,100000,BitonicSort,2,10551300
Uniforme,100000,BitonicSort,2,10533000
Uniforme,100000,BitonicSort,2,10497100
Uniforme,100000,BitonicSort,2,10630200
Uniforme,100000,BitonicSort,2,10599500
Uniforme,100000,BitonicSort,2,10661600
Uniforme,100000,BitonicSort,2,10903400
Uniforme,100000,BitonicSort,2,10706300
Uniforme,100000,BitonicSort,2,10757900
Uniforme,100000,BitonicSort,2,10414800
Uniforme,100000,BitonicSort,2,11065300
Uniforme,100000,BitonicSort,2,10771500
Uniforme,100000,BitonicSort,2,10481200
Uniforme,100000,BitonicSort,2,10688900
Uniforme,100000,BitonicSort,2,11183500
Uniforme,100000,BitonicSort,2,10490200
Uniforme,100000,BitonicSort,2,10594800
Uniforme,100000,BitonicSort,2,10802600
Uniforme,100000,BitonicSort,2,10573100
Uniforme,100000,BitonicSort,2,10663900
Uniforme,100000,BitonicSort,2,10806900
Uniforme,100000,BitonicSort,2,10442500
Uniforme,100000,BitonicSort,2,10632000
Uniforme,100000,BitonicSort,2,10712200
Uniforme,100000,BitonicSort,2,10726400
Uniforme,100000,BitonicSort,2,10833200
Uniforme,100000,BitonicSort,2,10502800
Uniforme,100000,BitonicSort,2,10977700
Uniforme,100000,BitonicSort,2,10420300
Uniforme,100000,BitonicSort,2,10570800
Uniforme,100000,BitonicSort,2,10667500
Uniforme,100000,BitonicSort,2,10415400
Uniforme,100000,BitonicSort,2,10791100
Uniforme,100000,BitonicSort,2,10335400
Uniforme,100000,BitonicSort,2,10520700
Uniforme,100000,BitonicSort,2,10392600
Uniforme,100000,BitonicSort,2,10233300
Uniforme,100000,BitonicSort,2,10583000
Uniforme,100000,BitonicSort,2,10301400
Uniforme,100000,BitonicSort,2,10724400
Uniforme,100000,BitonicSort,2,10521000
Uniforme,100000,BitonicSort,2,10572100
Uniforme,100000,BitonicSort,2,11183500
Uniforme,100000,BitonicSort,2,10201600
Uniforme,100000,BitonicSort,2,10731400
Uniforme,100000,BitonicSort,2,10818300
Uniforme,100000,BitonicSort,2,10801700
Uniforme,100000,BitonicSort,2,10301400
Uniforme,100000,BitonicSort,2,10571800
Uniforme,100000,BitonicSort,2,10590600
Uniforme,100000,BitonicSort,2,10539600
Uniforme,100000,BitonicSort,2,10753100
Uniforme,100000,BitonicSort,2,10629200
Uniforme,100000,BitonicSort,2,10422300
Uniforme,100000,BitonicSort,2,10647400
Uniforme,100000,BitonicSort,2,10879100
Uniforme,100000,BitonicSort,2,10514200
Uniforme,100000,BitonicSort,2,10586900
Uniforme,100000,BitonicSort,2,10712100
Uniforme,100000,BitonicSort,2,10634800
Uniforme,100000,BitonicSort,2,10629200
Uniforme,100000,BitonicSort,2,10659100
Uniforme,100000,BitonicSort,2,10550600
Uniforme,100000,BitonicSort,2,10453500
Uniforme,100000,BitonicSort,2,10748800
Uniforme,100000,BitonicSort,2,10535600
Uniforme,100000,BitonicSort,2,10621000
Uniforme,100000,BitonicSort,2,10686900
Uniforme,100000,BitonicSort,2,11225800
Uniforme,100000,BitonicSort,2,10213400
Uniforme,100000,BitonicSort,2,10528400
Uniforme,100000,BitonicSort,2,10848100
Uniforme,100000,BitonicSort,2,10608000
Uniforme,100000,BitonicSort,2,10787900
Uniforme,100000,BitonicSort,2,10990000
Uniforme,100000,BitonicSort,2,10267000
Uniforme,100000,BitonicSort,2,10470000
Uniforme,100000,BitonicSort,2,10649400
Uniforme,100000,BitonicSort,2,10512600
Uniforme,100000,BitonicSort,2,10641300
Uniforme,100000,BitonicSort,2,10416900
Uniforme,100000,BitonicSort,2,10536300
Uniforme,100000,BitonicSort,2,10498700
Uniforme,100000,BitonicSort,2,10573300
Uniforme,100000,BitonicSort,2,11228600
Uniforme,100000,BitonicSort,2,11395100
Uniforme,100000,BitonicSort,2,10648300
Uniforme,100000,BitonicSort,2,11705200
Uniforme,100000,BitonicSort,2,12757200
Uniforme,100000,BitonicSort,2,13425900
Uniforme,100000,BitonicSort,2,11686600
Uniforme,100000,BitonicSort,2,11209400
Uniforme,100000,BitonicSort,2,10654900
Uniforme,100000,BitonicSort,2,11371800
Uniforme,100000,BitonicSort,2,11801900
Uniforme,100000,BitonicSort,2,11313900
Uniforme,100000,BitonicSort,2,10950800
Uniforme,100000,BitonicSort,2,11923200
Uniforme,100000,BitonicSort,2,10975700
Uniforme,100000,BitonicSort,2,10505400
Uniforme,100000,BitonicSort,2,11612600
Uniforme,100000,BitonicSort,2,11507000
Uniforme,100000,BitonicSort,2,10880000
Uniforme,100000,BitonicSort,2,11331000
Uniforme,100000,BitonicSort,2,10887500
Uniforme,100000,BitonicSort,2,10705600
Uniforme,100000,BitonicSort,2,11515700
Uniforme,100000,BitonicSort,2,11189200
Uniforme,100000,BitonicSort,2,10799700
Uniforme,100000,BitonicSort,2,11096500
Uniforme,100000,BitonicSort,2,11749700
Uniforme,100000,BitonicSort,2,11151200
Uniforme,100000,BitonicSort,2,10590200
Uniforme,100000,BitonicSort,2,10625000
Uniforme,100000,BitonicSort,2,10709500
Uniforme,100000,BitonicSort,2,10900200
Uniforme,100000,BitonicSort,2,10446800
Uniforme,100000,BitonicSort,2,11319100
Uniforme,100000,BitonicSort,2,10305100
Uniforme,100000,BitonicSort,2,10357300
Uniforme,100000,BitonicSort,2,10554800
Uniforme,100000,BitonicSort,2,10590400
Uniforme,100000,BitonicSort,2,10246300
Uniforme,100000,BitonicSort,2,10171400
Uniforme,100000,BitonicSort,2,10164700
Uniforme,100000,BitonicSort,2,10691300
Uniforme,100000,BitonicSort,2,10635000
Uniforme,100000,BitonicSort,2,10534000
Uniforme,100000,BitonicSort,2,10456900
Uniforme,100000,BitonicSort,2,10450000
Uniforme,100000,BitonicSort,2,10951400
Uniforme,100000,BitonicSort,2,10595600
Uniforme,100000,BitonicSort,2,10984800
Uniforme,100000,BitonicSort,2,10947500
Uniforme,100000,BitonicSort,2,10300000
Uniforme,100000,BitonicSort,2,10631200
Uniforme,100000,BitonicSort,2,10603400
Uniforme,100000,BitonicSort,2,10607500
Uniforme,100000,BitonicSort,2,10878800
Uniforme,100000,BitonicSort,2,15560800
Uniforme,100000,BitonicSort,2,11286400
Uniforme,100000,BitonicSort,2,11194600
Uniforme,100000,BitonicSort,2,11094300
Uniforme,100000,BitonicSort,2,11357400
Uniforme,100000,BitonicSort,2,19438500
Uniforme,100000,BitonicSort,2,22698900
Uniforme,100000,BitonicSort,2,15959700
Uniforme,100000,BitonicSort,2,12665900
Uniforme,100000,BitonicSort,2,17470900
Uniforme,100000,BitonicSort,2,15340000
Uniforme,100000,BitonicSort,2,16417500
Uniforme,100000,BitonicSort,2,13312000
Uniforme,100000,BitonicSort,2,12570300
Uniforme,100000,BitonicSort,2,14881500
Uniforme,100000,BitonicSort,2,21338800
Uniforme,100000,BitonicSort,2,13537100
Uniforme,100000,BitonicSort,2,15417300
Uniforme,100000,BitonicSort,2,15032200
Uniforme,100000,BitonicSort,2,15749000
Uniforme,100000,BitonicSort,2,10885900
Uniforme,100000,BitonicSort,2,10678300
Uniforme,100000,BitonicSort,2,10402400
Uniforme,100000,BitonicSort,2,10556100
Uniforme,100000,BitonicSort,2,10806000
Uniforme,100000,BitonicSort,2,10362000
Uniforme,100000,BitonicSort,2,10896000
Uniforme,100000,BitonicSort,2,10298700
Uniforme,100000,BitonicSort,2,10434700
Uniforme,100000,BitonicSort,2,10345400
Uniforme,100000,BitonicSort,2,10562500
Uniforme,100000,BitonicSort,2,10240800
Uniforme,100000,BitonicSort,2,11133800
Uniforme,100000,BitonicSort,2,11560600
Uniforme,100000,BitonicSort,2,10509800
Uniforme,100000,BitonicSort,2,10414000
Uniforme,100000,BitonicSort,2,10415000
Uniforme,100000,BitonicSort,2,10725500
Uniforme,100000,BitonicSort,2,10971000
Uniforme,100000,BitonicSort,2,10552800
Uniforme,100000,BitonicSort,2,10465400
Uniforme,100000,BitonicSort,2,10890900
Uniforme,100000,BitonicSort,2,10878900
Uniforme,100000,BitonicSort,2,11104900
Uniforme,100000,BitonicSort,2,10565100
Uniforme,100000,BitonicSort,2,10493300
Uniforme,100000,BitonicSort,2,10718500
Uniforme,100000,BitonicSort,2,10590000
Uniforme,100000,BitonicSort,2,10820300
Uniforme,100000,BitonicSort,2,10678100
Uniforme,100000,BitonicSort,2,10262600
Uniforme,100000,BitonicSort,2,10456300
Uniforme,100000,BitonicSort,2,10238200
Uniforme,100000,BitonicSort,2,10446700
Uniforme,100000,BitonicSort,2,10589100
Uniforme,100000,BitonicSort,2,10602900
Uniforme,100000,BitonicSort,2,10813800
Uniforme,100000,BitonicSort,2,10692000
Uniforme,100000,BitonicSort,2,10631800
Uniforme,100000,BitonicSort,2,10601500
Uniforme,100000,BitonicSort,2,11168200
Uniforme,100000,BitonicSort,2,10376300
Uniforme,100000,BitonicSort,2,10783100
Uniforme,100000,BitonicSort,2,10274100
Uniforme,100000,BitonicSort,2,10588800
Uniforme,100000,BitonicSort,2,10765700
Uniforme,100000,BitonicSort,2,10825000
Uniforme,100000,BitonicSort,2,10345700
Uniforme,100000,BitonicSort,2,10226600
Uniforme,100000,BitonicSort,2,10602000
Uniforme,100000,BitonicSort,2,10440500
Uniforme,100000,BitonicSort,2,10761300
Uniforme,100000,BitonicSort,2,10236200
Uniforme,100000,BitonicSort,2,10578000
Uniforme,100000,BitonicSort,2,10572900
Uniforme,100000,BitonicSort,2,11283700
Uniforme,100000,BitonicSort,2,10924700
Uniforme,100000,BitonicSort,2,10683700
Uniforme,100000,BitonicSort,2,11153900
Uniforme,100000,BitonicSort,2,10696400
Uniforme,100000,BitonicSort,2,10574500
Uniforme,100000,BitonicSort,2,10754000
Uniforme,100000,BitonicSort,2,10244200
Uniforme,100000,BitonicSort,2,10607900
Uniforme,100000,BitonicSort,2,10933400
Uniforme,100000,BitonicSort,2,10784500
Uniforme,100000,BitonicSort,2,10824400
Uniforme,100000,BitonicSort,2,10324600
Uniforme,100000,BitonicSort,2,10910900
Uniforme,100000,BitonicSort,2,10677500
Uniforme,100000,BitonicSort,2,10827000
Uniforme,100000,BitonicSort,2,10401400
Uniforme,100000,BitonicSort,2,10570900
Uniforme,100000,BitonicSort,2,11103200
Uniforme,100000,BitonicSort,2,10437700
Uniforme,100000,BitonicSort,2,10632100
Uniforme,100000,BitonicSort,2,10563700
Uniforme,100000,BitonicSort,2,10760100
Uniforme,100000,BitonicSort,2,10507200
Uniforme,100000,BitonicSort,2,10627200
Uniforme,100000,BitonicSort,2,10665000
Uniforme,100000,BitonicSort,2,10673200
Uniforme,100000,BitonicSort,2,10663500
Uniforme,100000,BitonicSort,2,10260500
Uniforme,100000,BitonicSort,2,10405900
Uniforme,100000,BitonicSort,2,11014000
Uniforme,100000,BitonicSort,2,10510400
Uniforme,100000,BitonicSort,2,10630300
Uniforme,100000,BitonicSort,2,10457400
Uniforme,100000,BitonicSort,2,10630900
Uniforme,100000,BitonicSort,2,10676800
Uniforme,100000,BitonicSort,2,10348500
Uniforme,100000,BitonicSort,2,10629100
Uniforme,100000,BitonicSort,2,10599500
Uniforme,100000,BitonicSort,2,10841300
Uniforme,100000,BitonicSort,2,10373900
Uniforme,100000,BitonicSort,2,10489300
Uniforme,100000,BitonicSort,2,10315200
Uniforme,100000,BitonicSort,2,10542500
Uniforme,100000,BitonicSort,2,10459400
Uniforme,100000,BitonicSort,2,11120100
Uniforme,100000,BitonicSort,2,11239000
Uniforme,100000,BitonicSort,2,11032300
Uniforme,100000,BitonicSort,2,10984000
Uniforme,100000,BitonicSort,2,11342100
Uniforme,100000,BitonicSort,2,13078200
Uniforme,100000,BitonicSort,2,12065300
Uniforme,100000,BitonicSort,2,11556500
Uniforme,100000,BitonicSort,2,11445700
Uniforme,100000,BitonicSort,2,11169900
Uniforme,100000,BitonicSort,2,10782000
Uniforme,100000,BitonicSort,2,10631700
Uniforme,100000,BitonicSort,2,12346100
Uniforme,100000,BitonicSort,2,11133500
Uniforme,100000,BitonicSort,2,10760100
Uniforme,100000,BitonicSort,2,11614100
Uniforme,100000,BitonicSort,2,12993400
Uniforme,100000,BitonicSort,2,11297400
Uniforme,100000,BitonicSort,2,10461600
Uniforme,100000,BitonicSort,2,11167300
Uniforme,100000,BitonicSort,2,11135500
Uniforme,100000,BitonicSort,2,10559800
Uniforme,100000,BitonicSort,2,10644900
Uniforme,100000,BitonicSort,2,11072800
Uniforme,100000,BitonicSort,2,10693000
Uniforme,100000,BitonicSort,2,11209000
Uniforme,100000,BitonicSort,2,10909900
Uniforme,100000,BitonicSort,2,10493100
Uniforme,100000,BitonicSort,2,10778100
Uniforme,100000,BitonicSort,2,10327700
Uniforme,100000,BitonicSort,2,10702400
Uniforme,100000,BitonicSort,2,10861800
Uniforme,100000,BitonicSort,2,10359900
Uniforme,100000,BitonicSort,2,11143300
Uniforme,100000,BitonicSort,2,10770000
Uniforme,100000,BitonicSort,2,10910600
Uniforme,100000,BitonicSort,2,10562000
Uniforme,100000,BitonicSort,2,10896100
Uniforme,100000,BitonicSort,2,10444100
Uniforme,100000,BitonicSort,2,10604400
Uniforme,100000,BitonicSort,2,10656200
Uniforme,100000,BitonicSort,2,10492800
Uniforme,100000,BitonicSort,2,10615100
Uniforme,100000,BitonicSort,2,10437500
Uniforme,100000,BitonicSort,2,10541000
Uniforme,100000,BitonicSort,2,10652000
Uniforme,100000,BitonicSort,2,11785400
Uniforme,100000,BitonicSort,2,10943400
Uniforme,100000,BitonicSort,2,11078400
Uniforme,100000,BitonicSort,2,10558800
Uniforme,100000,BitonicSort,2,11439600
Uniforme,100000,BitonicSort,2,10478000
Uniforme,100000,BitonicSort,2,10381600
Uniforme,100000,BitonicSort,2,10665200
Uniforme,100000,BitonicSort,2,10513600
Uniforme,100000,BitonicSort,2,10620900
Uniforme,100000,BitonicSort,2,10492300
Uniforme,100000,BitonicSort,2,10720500
Uniforme,100000,BitonicSort,2,10583500
Uniforme,100000,BitonicSort,2,10884200
Uniforme,100000,BitonicSort,2,10432800
Uniforme,100000,BitonicSort,2,10461700
Uniforme,100000,BitonicSort,2,10939700
Uniforme,100000,BitonicSort,2,10472900
Uniforme,100000,BitonicSort,2,10792500
Uniforme,100000,BitonicSort,2,10268800
Uniforme,100000,BitonicSort,2,10293700
Uniforme,100000,BitonicSort,2,10610100
Uniforme,100000,BitonicSort,2,10335200
Uniforme,100000,BitonicSort,2,10641500
Uniforme,100000,BitonicSort,2,10667300
Uniforme,100000,BitonicSort,2,10490500
Uniforme,100000,BitonicSort,2,10487700
Uniforme,100000,BitonicSort,2,10377000
Uniforme,100000,BitonicSort,2,10554000
Uniforme,100000,BitonicSort,2,10534700
Uniforme,100000,BitonicSort,2,10522500
Uniforme,100000,BitonicSort,2,10361600
Uniforme,100000,BitonicSort,2,10748500
Uniforme,100000,BitonicSort,2,10623100
Uniforme,100000,BitonicSort,2,10750800
Uniforme,100000,BitonicSort,2,10355000
Uniforme,100000,BitonicSort,2,10196900
Uniforme,100000,BitonicSort,2,10185200
Uniforme,100000,BitonicSort,2,10300600
Uniforme,100000,BitonicSort,2,10568600
Uniforme,100000,BitonicSort,2,10467300
Uniforme,100000,BitonicSort,2,10759200
Uniforme,100000,BitonicSort,2,10481900
Uniforme,100000,BitonicSort,2,10705900
Uniforme,100000,BitonicSort,2,10373900
Uniforme,100000,BitonicSort,2,10413600
Uniforme,100000,BitonicSort,2,10462300
Uniforme,100000,BitonicSort,2,10663100
Uniforme,100000,BitonicSort,2,10484300
Uniforme,100000,BitonicSort,2,10431200
Uniforme,100000,BitonicSort,2,10664400
Uniforme,100000,BitonicSort,2,10951300
Uniforme,100000,BitonicSort,2,12641900
Uniforme,100000,BitonicSort,2,10698400
Uniforme,100000,BitonicSort,2,10611100
Uniforme,100000,BitonicSort,2,10663700
Uniforme,100000,BitonicSort,2,10532500
Uniforme,100000,BitonicSort,2,10667100
Uniforme,100000,BitonicSort,2,10635700
Uniforme,100000,BitonicSort,2,10703000
Uniforme,100000,BitonicSort,2,10550800
Uniforme,100000,BitonicSort,2,10720400
Uniforme,100000,BitonicSort,2,11463100
Uniforme,100000,BitonicSort,2,10790200
Uniforme,100000,BitonicSort,2,13940200
Uniforme,100000,BitonicSort,2,10693900
Uniforme,100000,BitonicSort,2,10552200
Uniforme,100000,BitonicSort,2,10422100
Uniforme,100000,BitonicSort,2,10184300
Uniforme,100000,BitonicSort,2,10566800
Uniforme,100000,BitonicSort,2,10181000
Uniforme,100000,BitonicSort,2,10540600
Uniforme,100000,BitonicSort,2,10603900
Uniforme,100000,BitonicSort,2,10551600
Uniforme,100000,BitonicSort,2,10301600
Uniforme,100000,BitonicSort,2,10694100
Uniforme,100000,BitonicSort,2,10531300
Uniforme,100000,BitonicSort,2,10644100
Uniforme,100000,BitonicSort,2,10630000
Uniforme,100000,BitonicSort,2,10646700
Uniforme,100000,BitonicSort,2,10916200
Uniforme,100000,BitonicSort,2,10568900
Uniforme,100000,BitonicSort,2,10704500
Uniforme,100000,BitonicSort,2,10367500
Uniforme,100000,BitonicSort,2,10673700
Uniforme,100000,BitonicSort,2,10964100
Uniforme,100000,BitonicSort,2,10810800
Uniforme,100000,BitonicSort,2,10668200
Uniforme,100000,BitonicSort,2,10433900
Uniforme,100000,BitonicSort,2,10473500
Uniforme,100000,BitonicSort,2,10462300
Uniforme,100000,BitonicSort,2,10631100
Uniforme,100000,BitonicSort,2,10729500
Uniforme,100000,BitonicSort,2,12041200
Uniforme,100000,BitonicSort,2,10611300
Uniforme,100000,BitonicSort,2,11873700
Uniforme,100000,BitonicSort,2,10345600
Uniforme,100000,BitonicSort,2,10442000
Uniforme,100000,BitonicSort,2,10611300
Uniforme,100000,BitonicSort,2,10447700
Uniforme,100000,BitonicSort,2,10665700
Uniforme,100000,BitonicSort,2,10573100
Uniforme,100000,BitonicSort,2,10510300
Uniforme,100000,BitonicSort,2,10419700
Uniforme,100000,BitonicSort,2,10758000
Uniforme,100000,BitonicSort,2,10472100
Uniforme,100000,BitonicSort,2,10546100
Uniforme,100000,BitonicSort,2,10641700
Uniforme,100000,BitonicSort,2,10253900
Uniforme,100000,BitonicSort,2,10464700
Uniforme,100000,BitonicSort,2,10479600
Uniforme,100000,BitonicSort,2,10743800
Uniforme,100000,BitonicSort,2,10583300
Uniforme,100000,BitonicSort,2,10432700
Uniforme,100000,BitonicSort,2,10263300
Uniforme,100000,BitonicSort,2,10358500
Uniforme,100000,BitonicSort,2,10601800
Uniforme,100000,BitonicSort,2,10697800
Uniforme,100000,BitonicSort,2,10546900
Uniforme,100000,BitonicSort,2,10298000
Uniforme,100000,BitonicSort,2,10188200
Uniforme,100000,BitonicSort,2,10550900
Uniforme,100000,BitonicSort,2,10488600
Uniforme,100000,BitonicSort,2,10574900
Uniforme,100000,BitonicSort,2,10358600
Uniforme,100000,BitonicSort,2,10710700
Uniforme,100000,BitonicSort,2,10439300
Uniforme,100000,BitonicSort,2,10955300
Uniforme,100000,BitonicSort,2,10479000
Uniforme,100000,BitonicSort,2,10526600
Uniforme,100000,BitonicSort,2,10422000
Uniforme,100000,BitonicSort,2,10200500
Uniforme,100000,BitonicSort,2,10515900
Uniforme,100000,BitonicSort,2,11153800
Uniforme,100000,BitonicSort,2,10680200
Uniforme,100000,BitonicSort,2,10602800
Uniforme,100000,BitonicSort,2,10495000
Uniforme,100000,BitonicSort,2,10772300
Uniforme,100000,BitonicSort,2,10659000
Uniforme,100000,BitonicSort,2,11553900
Uniforme,100000,BitonicSort,2,10783900
Uniforme,100000,BitonicSort,2,10671300
Uniforme,100000,BitonicSort,2,11540600
Uniforme,100000,BitonicSort,2,11108600
Uniforme,100000,BitonicSort,2,10755500
Uniforme,100000,BitonicSort,2,12485400
Uniforme,100000,BitonicSort,2,11487800
Uniforme,100000,BitonicSort,2,10817000
Uniforme,100000,BitonicSort,2,11703300
Uniforme,100000,BitonicSort,2,10966200
Uniforme,100000,BitonicSort,2,10817500
Uniforme,100000,BitonicSort,2,10987500
Uniforme,100000,BitonicSort,2,11833000
Uniforme,100000,BitonicSort,2,10493000
Uniforme,100000,BitonicSort,2,11804700
Uniforme,100000,BitonicSort,2,10691500
Uniforme,100000,BitonicSort,2,10341600
Uniforme,100000,BitonicSort,2,11100700
Uniforme,100000,BitonicSort,2,11106900
Uniforme,100000,BitonicSort,2,10513900
Uniforme,100000,BitonicSort,2,11078200
Uniforme,100000,BitonicSort,2,11217600
Uniforme,100000,BitonicSort,2,10635700
Uniforme,100000,BitonicSort,2,11326400
Uniforme,100000,BitonicSort,2,10852100
Uniforme,100000,BitonicSort,2,11293100
Uniforme,100000,BitonicSort,2,10650200
Uniforme,100000,BitonicSort,2,10830600
Uniforme,100000,BitonicSort,2,10537300
Uniforme,100000,BitonicSort,2,10588500
Uniforme,100000,BitonicSort,2,10610000
Uniforme,100000,BitonicSort,2,10629900
Uniforme,100000,BitonicSort,2,10343400
Uniforme,100000,BitonicSort,2,10526400
Uniforme,100000,BitonicSort,2,10327200
Uniforme,100000,BitonicSort,2,10433400
Uniforme,100000,BitonicSort,2,10284900
Uniforme,100000,BitonicSort,2,10209000
Uniforme,100000,BitonicSort,2,10781400
Uniforme,100000,BitonicSort,2,10771500
Uniforme,100000,BitonicSort,2,10556900
Uniforme,100000,BitonicSort,2,10563600
Uniforme,100000,BitonicSort,2,10499200
Uniforme,100000,BitonicSort,2,10499300
Uniforme,100000,BitonicSort,2,10675900
Uniforme,100000,BitonicSort,2,10720200
Uniforme,100000,BitonicSort,2,11425300
Uniforme,100000,BitonicSort,2,10916800
Uniforme,100000,BitonicSort,2,10475700
Uniforme,100000,BitonicSort,2,10670100
Uniforme,100000,BitonicSort,2,10617400
Uniforme,100000,BitonicSort,2,10646900
Uniforme,100000,BitonicSort,2,10673900
Uniforme,100000,BitonicSort,2,10550800
Uniforme,100000,BitonicSort,2,10820800
Uniforme,100000,BitonicSort,2,10688600
Uniforme,100000,BitonicSort,2,10585600
Uniforme,100000,BitonicSort,2,10404700
Uniforme,100000,BitonicSort,2,10411900
Uniforme,100000,BitonicSort,2,10792700
Uniforme,100000,BitonicSort,2,10729100
Uniforme,100000,BitonicSort,2,10372300
Uniforme,100000,BitonicSort,2,10637000
Uniforme,100000,BitonicSort,2,10608800
Uniforme,100000,BitonicSort,2,10413400
Uniforme,100000,BitonicSort,2,10773300
Uniforme,100000,BitonicSort,2,10679000
Uniforme,100000,BitonicSort,2,10801900
Uniforme,100000,BitonicSort,2,10362400
Uniforme,100000,BitonicSort,2,10610300
Uniforme,100000,BitonicSort,2,10625500
Uniforme,100000,BitonicSort,2,10581400
Uniforme,100000,BitonicSort,2,10591400
Uniforme,100000,BitonicSort,2,10645000
Uniforme,100000,BitonicSort,2,10733200
Uniforme,100000,BitonicSort,2,10898700
Uniforme,100000,BitonicSort,2,10871100
Uniforme,100000,BitonicSort,2,10484300
Uniforme,100000,BitonicSort,2,10538800
Uniforme,100000,BitonicSort,2,10554200
Uniforme,100000,BitonicSort,2,10566500
Uniforme,100000,BitonicSort,2,10750700
Uniforme,100000,BitonicSort,2,10652200
Uniforme,100000,BitonicSort,2,10619200
Uniforme,100000,BitonicSort,2,10437500
Uniforme,100000,BitonicSort,2,10623000
Uniforme,100000,BitonicSort,2,10613200
Uniforme,100000,BitonicSort,2,10677000
Uniforme,100000,BitonicSort,2,10552300
Uniforme,100000,BitonicSort,2,10631600
Uniforme,100000,BitonicSort,2,10529600
Uniforme,100000,BitonicSort,2,10674600
Uniforme,100000,BitonicSort,2,10535800
Uniforme,100000,BitonicSort,2,10399800
Uniforme,100000,BitonicSort,2,10594100
Uniforme,100000,BitonicSort,2,10453800
Uniforme,100000,BitonicSort,2,10572300
Uniforme,100000,BitonicSort,2,11592700
Uniforme,100000,BitonicSort,2,12623900
Uniforme,100000,BitonicSort,2,10849200
Uniforme,100000,BitonicSort,2,20675400
Uniforme,100000,BitonicSort,2,10974000
Uniforme,100000,BitonicSort,2,10447300
Uniforme,100000,BitonicSort,2,10587700
Uniforme,100000,BitonicSort,2,10429200
Uniforme,100000,BitonicSort,2,10377100
Uniforme,100000,BitonicSort,2,11341400
Uniforme,100000,BitonicSort,2,10696300
Uniforme,100000,BitonicSort,2,10974800
Uniforme,100000,BitonicSort,2,10490800
Uniforme,100000,BitonicSort,2,10614000
Uniforme,100000,BitonicSort,2,10657500
Uniforme,100000,BitonicSort,2,10626800
Uniforme,100000,BitonicSort,2,10744300
Uniforme,100000,BitonicSort,2,10523100
Uniforme,100000,BitonicSort,2,10716300
Uniforme,100000,BitonicSort,2,10581900
Uniforme,100000,BitonicSort,2,10372200
Uniforme,100000,BitonicSort,2,10812500
Uniforme,100000,BitonicSort,2,10496000
Uniforme,100000,BitonicSort,2,10410200
Uniforme,100000,BitonicSort,2,10622500
Uniforme,100000,BitonicSort,2,10498200
Uniforme,100000,BitonicSort,2,20417200
Uniforme,100000,BitonicSort,2,10489100
Uniforme,100000,BitonicSort,2,10832600
Uniforme,100000,BitonicSort,2,10755900
Uniforme,100000,BitonicSort,2,10288100
Uniforme,100000,BitonicSort,2,10187600
Uniforme,100000,BitonicSort,2,10689600
Uniforme,100000,BitonicSort,2,10557600
Uniforme,100000,BitonicSort,2,10832800
Uniforme,100000,BitonicSort,2,10510400
Uniforme,100000,BitonicSort,2,10285200
Uniforme,100000,BitonicSort,2,10548500
Uniforme,100000,BitonicSort,2,10927800
Uniforme,100000,BitonicSort,2,10636800
Uniforme,100000,BitonicSort,2,10716300
Uniforme,100000,BitonicSort,2,10416800
Uniforme,100000,BitonicSort,2,10345900
Uniforme,100000,BitonicSort,2,10346600
Uniforme,100000,BitonicSort,2,10469400
Uniforme,100000,BitonicSort,2,10548400
Uniforme,100000,BitonicSort,2,10558800
Uniforme,100000,BitonicSort,2,10410200
Uniforme,100000,BitonicSort,2,10455300
Uniforme,100000,BitonicSort,2,10687700
Uniforme,100000,BitonicSort,2,10282900
Uniforme,100000,BitonicSort,2,10353500
Uniforme,100000,BitonicSort,2,10240100
Uniforme,100000,BitonicSort,2,10620200
Uniforme,100000,BitonicSort,2,10805600
Uniforme,100000,BitonicSort,2,10504000
Uniforme,100000,BitonicSort,2,10436300
Uniforme,100000,BitonicSort,2,10539500
Uniforme,100000,BitonicSort,2,10247400
Uniforme,100000,BitonicSort,2,10383000
Uniforme,100000,BitonicSort,2,10370600
Uniforme,100000,BitonicSort,2,10504100
Uniforme,100000,BitonicSort,2,10660700
Uniforme,100000,BitonicSort,2,10607200
Uniforme,100000,BitonicSort,2,10478600
Uniforme,100000,BitonicSort,2,10521000
Uniforme,100000,BitonicSort,2,10813000
Uniforme,100000,BitonicSort,2,10349700
Uniforme,100000,BitonicSort,2,10335400
Uniforme,100000,BitonicSort,2,10652000
Uniforme,100000,BitonicSort,2,10240300
Uniforme,100000,BitonicSort,2,10579100
Uniforme,100000,BitonicSort,2,10639600
Uniforme,100000,BitonicSort,2,10374400
Uniforme,100000,BitonicSort,2,10309400
Uniforme,100000,BitonicSort,2,10524600
Uniforme,100000,BitonicSort,2,10452100
Uniforme,100000,BitonicSort,2,10770200
Uniforme,100000,BitonicSort,2,10654400
Uniforme,100000,BitonicSort,2,10648200
Uniforme,100000,BitonicSort,2,10619800
Uniforme,100000,BitonicSort,2,10736700
Uniforme,100000,BitonicSort,2,10336600
Uniforme,100000,BitonicSort,2,11001200
Uniforme,100000,BitonicSort,2,10754200
Uniforme,100000,BitonicSort,2,11115200
Uniforme,100000,BitonicSort,2,10795200
Uniforme,100000,BitonicSort,2,10697700
Uniforme,100000,BitonicSort,2,11019800
Uniforme,100000,BitonicSort,2,11394300
Uniforme,100000,BitonicSort,2,10641800
Uniforme,100000,BitonicSort,2,10944000
Uniforme,100000,BitonicSort,2,11530000
Uniforme,100000,BitonicSort,2,12509900
Uniforme,100000,BitonicSort,2,13621900
Uniforme,100000,BitonicSort,2,11077500
Uniforme,100000,BitonicSort,2,10625900
Uniforme,100000,BitonicSort,2,11051000
Uniforme,100000,BitonicSort,2,10886200
Uniforme,100000,BitonicSort,2,10900500
Uniforme,100000,BitonicSort,2,11499000
Uniforme,100000,BitonicSort,2,11021600
Uniforme,100000,BitonicSort,2,10773300
Uniforme,100000,BitonicSort,2,10686200
Uniforme,100000,BitonicSort,2,11198500
Uniforme,100000,BitonicSort,2,10943100
Uniforme,100000,BitonicSort,2,11108700
Uniforme,100000,BitonicSort,2,10833600
Uniforme,100000,BitonicSort,2,10281100
Uniforme,100000,BitonicSort,2,11072000
Uniforme,100000,BitonicSort,2,10706200
Uniforme,100000,BitonicSort,2,12300800
Uniforme,100000,BitonicSort,2,10723200
Uniforme,100000,BitonicSort,2,10384100
Uniforme,100000,BitonicSort,2,10502600
Uniforme,100000,BitonicSort,2,10376900
Uniforme,100000,BitonicSort,2,10508700
Uniforme,100000,BitonicSort,2,10877300
Uniforme,100000,BitonicSort,2,10350000
Uniforme,100000,BitonicSort,2,10441100
Uniforme,100000,BitonicSort,2,10330800
Uniforme,100000,BitonicSort,2,10482000
Uniforme,100000,BitonicSort,2,10696600
Uniforme,100000,BitonicSort,2,10636200
Uniforme,100000,BitonicSort,2,10503600
Uniforme,100000,BitonicSort,2,10497900
Uniforme,100000,BitonicSort,2,10314700
Uniforme,100000,BitonicSort,2,10259200
Uniforme,100000,BitonicSort,2,10564400
Uniforme,100000,BitonicSort,2,10656100
Uniforme,100000,BitonicSort,2,11008400
Uniforme,100000,BitonicSort,2,10870600
Uniforme,100000,BitonicSort,2,10727600
Uniforme,100000,BitonicSort,2,10478200
Uniforme,100000,BitonicSort,2,11803000
Uniforme,100000,BitonicSort,2,10611300
Uniforme,100000,BitonicSort,2,10481200
Uniforme,100000,BitonicSort,2,10562700
Uniforme,100000,BitonicSort,2,10450700
Uniforme,100000,BitonicSort,2,10482400
Uniforme,100000,BitonicSort,2,10767400
Uniforme,100000,BitonicSort,2,10344800
Uniforme,100000,BitonicSort,2,10323700
Uniforme,100000,BitonicSort,2,10642200
Uniforme,100000,BitonicSort,2,10603700
Uniforme,100000,BitonicSort,2,10444800
Uniforme,100000,BitonicSort,2,10710600
Uniforme,100000,BitonicSort,2,10625800
Uniforme,100000,BitonicSort,2,10568700
Uniforme,100000,BitonicSort,2,10920100
Uniforme,100000,BitonicSort,2,10650800
Uniforme,100000,BitonicSort,2,10412900
Uniforme,100000,BitonicSort,2,11156000
Uniforme,100000,BitonicSort,2,10717600
Uniforme,100000,BitonicSort,2,10729400
Uniforme,100000,BitonicSort,2,10262300
Uniforme,100000,BitonicSort,2,10337200
Uniforme,100000,BitonicSort,2,10746200
Uniforme,100000,BitonicSort,2,10675800
Uniforme,100000,BitonicSort,2,10509600
Uniforme,100000,BitonicSort,2,10827800
Uniforme,100000,BitonicSort,2,10180300
Uniforme,100000,BitonicSort,2,10376900
Uniforme,100000,BitonicSort,2,10789700
Uniforme,100000,BitonicSort,2,10690600
Uniforme,100000,BitonicSort,2,10634500
Uniforme,100000,BitonicSort,2,10516400
Uniforme,100000,BitonicSort,2,10458400
Uniforme,100000,BitonicSort,2,10422100
Uniforme,100000,BitonicSort,2,10617900
Uniforme,100000,BitonicSort,2,10748400
Uniforme,100000,BitonicSort,2,10305200
Uniforme,100000,BitonicSort,2,10665800
Uniforme,100000,BitonicSort,2,10167800
Uniforme,100000,BitonicSort,2,10277900
Uniforme,100000,BitonicSort,2,10582100
Uniforme,100000,BitonicSort,2,10419400
Uniforme,100000,BitonicSort,2,10590200
Uniforme,100000,BitonicSort,2,10555300
Uniforme,100000,BitonicSort,2,10288200
Uniforme,100000,BitonicSort,2,10254100
Uniforme,100000,BitonicSort,2,10667400
Uniforme,100000,BitonicSort,2,10530000
Uniforme,100000,BitonicSort,2,10605500
Uniforme,100000,BitonicSort,2,10774100
Uniforme,100000,BitonicSort,2,11157200
Uniforme,100000,BitonicSort,2,11160600
Uniforme,100000,BitonicSort,2,10588300
Uniforme,100000,BitonicSort,2,10757100
Uniforme,100000,BitonicSort,2,10430700
Uniforme,100000,BitonicSort,2,10561100
Uniforme,100000,BitonicSort,2,10328700
Uniforme,100000,BitonicSort,2,10567400
Uniforme,100000,BitonicSort,2,10426300
Uniforme,100000,BitonicSort,2,10962700
Uniforme,100000,BitonicSort,2,10845400
Uniforme,100000,BitonicSort,2,10556600
Uniforme,100000,BitonicSort,2,10593300
Uniforme,100000,BitonicSort,2,10359300
Uniforme,100000,BitonicSort,2,10617300
Uniforme,100000,BitonicSort,2,10657800
Uniforme,100000,BitonicSort,2,10508900
Uniforme,100000,BitonicSort,2,10581400
Uniforme,100000,BitonicSort,2,10454500
Uniforme,100000,BitonicSort,2,10755600
Uniforme,100000,BitonicSort,2,10736700
Uniforme,100000,BitonicSort,2,10561600
Uniforme,100000,BitonicSort,2,10387600
Uniforme,100000,BitonicSort,2,10791000
Uniforme,100000,BitonicSort,2,10404600
Uniforme,100000,BitonicSort,2,10448500
Uniforme,100000,BitonicSort,2,10182200
Uniforme,100000,BitonicSort,2,10622200
Uniforme,100000,BitonicSort,2,10239100
Uniforme,100000,BitonicSort,2,10420800
Uniforme,100000,BitonicSort,2,10516600
Uniforme,100000,BitonicSort,2,10703600
Uniforme,100000,BitonicSort,2,10458500
Uniforme,100000,BitonicSort,2,10745300
Uniforme,100000,BitonicSort,2,10312600
Uniforme,100000,BitonicSort,2,10276200
Uniforme,100000,BitonicSort,2,10228500
Uniforme,100000,BitonicSort,2,10254600
Uniforme,100000,BitonicSort,2,10448400
Uniforme,100000,BitonicSort,2,10617400
Uniforme,100000,BitonicSort,2,10556400
Uniforme,100000,BitonicSort,2,12577800
Uniforme,100000,BitonicSort,2,10355600
Uniforme,100000,BitonicSort,2,10536000
Uniforme,100000,BitonicSort,2,10401000
Uniforme,100000,BitonicSort,2,10437200
Uniforme,100000,BitonicSort,2,10624400
Uniforme,100000,BitonicSort,2,10588200
Uniforme,100000,BitonicSort,2,10720300
Uniforme,100000,BitonicSort,2,10418600
Uniforme,100000,BitonicSort,2,10284300
Uniforme,100000,BitonicSort,2,10367100
Uniforme,100000,BitonicSort,2,10517900
Uniforme,100000,BitonicSort,2,10574000
Uniforme,100000,BitonicSort,2,10680500
Uniforme,100000,BitonicSort,2,10527300
Uniforme,100000,BitonicSort,2,10617800
Uniforme,100000,BitonicSort,2,10611600
Uniforme,100000,BitonicSort,2,10512200
Uniforme,100000,BitonicSort,2,10540600
Uniforme,100000,BitonicSort,2,10608200
Uniforme,100000,BitonicSort,2,10444500
Uniforme,100000,BitonicSort,2,10567900
Uniforme,100000,BitonicSort,2,10626100
Uniforme,100000,BitonicSort,2,10343500
Uniforme,100000,BitonicSort,2,10288200
Uniforme,100000,BitonicSort,2,10697700
Uniforme,100000,BitonicSort,2,10540100
Uniforme,100000,BitonicSort,2,10343800
Uniforme,100000,BitonicSort,2,10734200
Uniforme,100000,BitonicSort,2,10237100
Uniforme,100000,BitonicSort,2,10585200
Uniforme,100000,BitonicSort,2,10388600
Uniforme,100000,BitonicSort,2,10321100
Uniforme,100000,BitonicSort,2,10362400
Uniforme,100000,BitonicSort,2,10390500
Uniforme,100000,BitonicSort,2,10382100
Uniforme,100000,BitonicSort,2,10575600
Uniforme,100000,BitonicSort,2,10504600
Uniforme,100000,BitonicSort,2,10312000
Uniforme,100000,BitonicSort,2,10453200
Uniforme,100000,BitonicSort,2,10638900
Uniforme,100000,BitonicSort,2,10385000
Uniforme,100000,BitonicSort,2,10780400
Uniforme,100000,BitonicSort,2,10974400
Uniforme,100000,BitonicSort,2,11375800
Uniforme,100000,BitonicSort,2,10458800
Uniforme,100000,BitonicSort,2,10895000
Uniforme,100000,BitonicSort,2,10771700
Uniforme,100000,BitonicSort,2,10676400
Uniforme,100000,BitonicSort,2,11660800
Uniforme,100000,BitonicSort,2,10706900
Uniforme,100000,BitonicSort,2,10422000
Uniforme,100000,BitonicSort,2,11060700
Uniforme,100000,BitonicSort,2,13170100
Uniforme,100000,BitonicSort,2,11984400
Uniforme,100000,BitonicSort,2,11112600
Uniforme,100000,BitonicSort,2,11760500
Uniforme,100000,BitonicSort,2,11697100
Uniforme,100000,BitonicSort,2,10381600
Uniforme,100000,BitonicSort,2,10790100
Uniforme,100000,BitonicSort,2,11333900
Uniforme,100000,BitonicSort,2,10434200
Uniforme,100000,BitonicSort,2,11607900
Uniforme,100000,BitonicSort,2,10955100
Uniforme,100000,BitonicSort,2,10673700
Uniforme,100000,BitonicSort,2,11024000
Uniforme,100000,BitonicSort,2,10767300
Uniforme,100000,BitonicSort,2,10856300
Uniforme,100000,BitonicSort,2,11370800
Uniforme,100000,BitonicSort,2,11092600
Uniforme,100000,BitonicSort,2,10309600
Uniforme,100000,BitonicSort,2,10353900
Uniforme,100000,BitonicSort,2,10483600
Uniforme,100000,BitonicSort,2,10522100
Uniforme,100000,BitonicSort,2,10672900
Uniforme,100000,BitonicSort,2,10476000
Uniforme,100000,BitonicSort,2,10758700
Uniforme,100000,BitonicSort,2,10872500
Uniforme,100000,BitonicSort,2,10197400
Uniforme,100000,BitonicSort,2,10415500
Uniforme,100000,BitonicSort,2,10405600
Uniforme,100000,BitonicSort,2,10283700
Uniforme,100000,BitonicSort,2,10391400
Uniforme,100000,BitonicSort,2,10331600
Uniforme,100000,BitonicSort,2,10945200
Uniforme,100000,BitonicSort,2,10660900
Uniforme,100000,BitonicSort,2,10295000
Uniforme,100000,BitonicSort,2,10704300
Uniforme,100000,BitonicSort,2,10614300
Uniforme,100000,BitonicSort,2,10671100
Uniforme,100000,BitonicSort,2,10967900
Uniforme,100000,BitonicSort,2,11133000
Uniforme,100000,BitonicSort,2,10847000
Uniforme,100000,BitonicSort,2,11527200
Uniforme,100000,BitonicSort,2,10521500
Uniforme,100000,BitonicSort,2,10531600
Uniforme,100000,BitonicSort,2,10565500
Uniforme,100000,BitonicSort,2,10271300
Uniforme,100000,BitonicSort,2,10262200
